OTHER_PATIENT_ID,PATIENT_ID,MRI_AVAILABLE,WSI,WSImask,FORM_COMPLETION_DATE,PROSPECTIVE_COLLECTION,RETROSPECTIVE_COLLECTION,SEX,MENOPAUSE_STATUS,RACE,ETHNICITY,HISTORY_OTHER_MALIGNANCY,HISTORY_NEOADJUVANT_TRTYN,TUMOR_STATUS,RADIATION_TREATMENT_ADJUVANT,PHARMACEUTICAL_TX_ADJUVANT,HISTOLOGICAL_SUBTYPE,INITIAL_PATHOLOGIC_DX_YEAR,AGE,METHOD_OF_INITIAL_SAMPLE_PROCUREMENT,METHOD_OF_INITIAL_SAMPLE_PROCUREMENT_OTHER,SURGICAL_PROCEDURE_FIRST,FIRST_SURGICAL_PROCEDURE_OTHER,PATH_MARGIN,SURGERY_FOR_POSITIVE_MARGINS,SURGERY_FOR_POSITIVE_MARGINS_OTHER,MARGIN_STATUS_REEXCISION,STAGING_SYSTEM,STAGING_SYSTEM_OTHER,MICROMET_DETECTION_BY_IHC,LYMPH_NODES_EXAMINED,LYMPH_NODE_EXAMINED_COUNT,LYMPH_NODES_EXAMINED_HE_COUNT,LYMPH_NODES_EXAMINED_IHC_COUNT,AJCC_STAGING_EDITION,AJCC_TUMOR_PATHOLOGIC_PT,AJCC_NODES_PATHOLOGIC_PN,AJCC_METASTASIS_PATHOLOGIC_PM,AJCC_PATHOLOGIC_TUMOR_STAGE,METASTATIC_SITE_PATIENT,METASTATIC_SITE_OTHER,ER_STATUS_BY_IHC,ER_STATUS_IHC_PERCENT_POSITIVE,ER_POSITIVITY_SCALE_USED,IHC_SCORE,ER_POSITIVITY_SCALE_OTHER,BRACHYTHERAPY_TOTAL_DOSE_POINT_A,PR_STATUS_BY_IHC,PR_STATUS_IHC_PERCENT_POSITIVE,PR_POSITIVITY_SCALE_USED,PR_POSITIVITY_IHC_INTENSITY_SCORE,PR_POSITIVITY_SCALE_OTHER,PR_POSITIVITY_DEFINE_METHOD,IHC_HER2,HER2_IHC_PERCENT_POSITIVE,HER2_IHC_SCORE,HER2_POSITIVITY_SCALE_OTHER,HER2_POSITIVITY_METHOD_TEXT,HER2_FISH_STATUS,HER2_COPY_NUMBER,CENT17_COPY_NUMBER,HER2_AND_CENT17_CELLS_COUNT,HER2_CENT17_RATIO,HER2_AND_CENT17_SCALE_OTHER,HER2_FISH_METHOD,NEW_TUMOR_EVENT_AFTER_INITIAL_TREATMENT,NTE_ER_STATUS,NTE_ER_STATUS_IHC_POSITIVE,NTE_ER_IHC_INTENSITY_SCORE,NTE_ER_POSITIVITY_OTHER_SCALE,NTE_ER_POSITIVITY_DEFINE_METHOD,NTE_PR_STATUS_BY_IHC,NTE_PR_STATUS_IHC_POSITIVE,NTE_PR_IHC_INTENSITY_SCORE,NTE_PR_POSITIVITY_OTHER_SCALE,NTE_PR_POSITIVITY_DEFINE_METHOD,NTE_HER2_STATUS,NTE_HER2_STATUS_IHC_POSITIVE,NTE_HER2_POSITIVITY_IHC_SCORE,NTE_HER2_POSITIVITY_OTHER_SCALE,NTE_HER2_POSITIVITY_METHOD,NTE_HER2_FISH_STATUS,NTE_HER2_SIGNAL_NUMBER,NTE_CENT_17_SIGNAL_NUMBER,HER2_CENT17_COUNTED_CELLS_COUNT,NTE_CENT_17_HER2_RATIO,NTE_CENT17_HER2_OTHER_SCALE,NTE_HER2_FISH_DEFINE_METHOD,PRIMARY_SITE_PATIENT,CLIN_M_STAGE,CLIN_N_STAGE,CLIN_T_STAGE,CLINICAL_STAGE,DAYS_TO_INITIAL_PATHOLOGIC_DIAGNOSIS,DAYS_TO_PATIENT_PROGRESSION_FREE,DAYS_TO_TUMOR_PROGRESSION,DISEASE_CODE,EXTRANODAL_INVOLVEMENT,HISTOLOGICAL_DIAGNOSIS,ICD_10,ICD_O_3_HISTOLOGY,ICD_O_3_SITE,INFORMED_CONSENT_VERIFIED,METASTATIC_TUMOR_INDICATOR,PROJECT_CODE,PRIMARY_SITE_OTHER,STAGE_OTHER,TISSUE_SOURCE_SITE,SITE_OF_TUMOR_TISSUE,OS_STATUS,OS_MONTHS,DFS_STATUS,DFS_MONTHS,ID
095c7985-3842-494f-b591-706ad1cd2133,TCGA-AO-A03M,TCGA-AO-A03M,d6243a44-5912-4eb7-92e7-113f99b8b0bb/TCGA-AO-A03M-01Z-00-DX1.9998A9A0-D0A6-48FC-80FB-AE597CB9E8AA.svs,,2011-09-01 00:00:00,NO,YES,Female,Pre (<6 months since LMP AND no prior bilateral ovariectomy AND not on estrogen replacement),WHITE,NOT HISPANIC OR LATINO,No,No,TUMOR FREE,[Not Available],[Not Available],[Not Applicable],2006,29,Core needle biopsy,[Not Applicable],Simple Mastectomy,[Not Available],Negative,[Not Available],[Not Applicable],[Not Available],Sentinel node biopsy alone,[Not Available],YES,[Not Available],2,0,0,6th,T1c,N0 (i-),M0,Stage I,[Not Available],[Not Available],Positive,70-79%,[Not Available],2,[Not Available],[Not Available],Positive,60-69%,[Not Available],3+,[Not Available],[Not Available],Negative,30-39%,2,[Not Available],3+ Positive,Negative,[Not Available],[Not Available],[Not Available],1.3,[Not Available],>= 2.0 Positive,[Not Available],[Not Available],[Not Available],[Not Available],[Not Available],[Not Available],[Not Available],[Not Available],[Not Available],[Not Available],[Not Available],[Not Available],[Not Available],[Not Available],[Not Available],[Not Available],[Not Available],[Not Available],[Not Available],[Not Available],[Not Available],[Not Available],[Not Available],Left Upper Outer Quadrant|Left,[Not Applicable],[Not Applicable],[Not Available],[Not Applicable],0,[Not Available],[Not Available],[Not Available],[Not Applicable],Infiltrating Ductal Carcinoma,C50.9,8500/3,C50.9,YES,[Not Available],[Not Available],[Not Applicable],[Not Available],AO,Breast,0:LIVING,61.3,0:DiseaseFree,61.3,TCGA-AO-A03M
a6cb373a-1604-4e25-bd81-da6c3e4f06ee,TCGA-AO-A03V,TCGA-AO-A03V,ce7195d4-4e8a-4920-87ea-03480b8d26fc/TCGA-AO-A03V-01Z-00-DX1.52EBCB72-0C65-4E67-B9BB-DA15494327DE.svs,,2011-09-01 00:00:00,NO,YES,Female,Peri (6-12 months since last menstrual period),WHITE,NOT HISPANIC OR LATINO,No,No,TUMOR FREE,[Not Available],[Not Available],[Not Applicable],2008,41,Core needle biopsy,[Not Applicable],Simple Mastectomy,[Not Available],Negative,[Not Available],[Not Applicable],[Not Available],Sentinel node biopsy alone,[Not Available],YES,[Not Available],2,0,0,6th,T1c,N0 (i-),M0,Stage I,[Not Available],[Not Available],Positive,90-99%,[Not Available],3,[Not Available],[Not Available],Positive,80-89%,[Not Available],2+,[Not Available],[Not Available],Negative,<10%,0,[Not Available],3+ Positive,[Not Available],[Not Available],[Not Available],[Not Available],[Not Available],[Not Available],[Not Available],[Not Available],[Not Available],[Not Available],[Not Available],[Not Available],[Not Available],[Not Available],[Not Available],[Not Available],[Not Available],[Not Available],[Not Available],[Not Available],[Not Available],[Not Available],[Not Available],[Not Available],[Not Available],[Not Available],[Not Available],[Not Available],[Not Available],[Not Available],Left Upper Inner Quadrant|Left,[Not Applicable],[Not Applicable],[Not Available],[Not Applicable],0,[Not Available],[Not Available],[Not Available],[Not Applicable],Infiltrating Ductal Carcinoma,C50.9,8500/3,C50.9,YES,[Not Available],[Not Available],[Not Applicable],[Not Available],AO,Breast,0:LIVING,44.38,0:DiseaseFree,44.38,TCGA-AO-A03V
a4903de8-6cf5-4541-8ec7-065beace8b44,TCGA-AO-A0J9,TCGA-AO-A0J9,91f55a25-ae69-4c98-8b31-326b50ecdb26/TCGA-AO-A0J9-01Z-00-DX1.E37C342B-9B6A-4BEE-B064-A82C3579CC66.svs,,9/19/10,NO,YES,Female,Post (prior bilateral ovariectomy OR >12 mo since LMP with no prior hysterectomy),WHITE,NOT HISPANIC OR LATINO,No,No,WITH TUMOR,[Not Available],[Not Available],[Not Applicable],2007,61,Core needle biopsy,[Not Applicable],Lumpectomy,[Not Available],Positive,Mastectomy NOS,[Not Applicable],Negative,Sentinel lymph node biopsy plus axillary dissection,[Not Available],NO,[Not Available],32,15,0,[Not Available],T2,N3,M0,Stage IIIC,[Not Available],[Not Available],Positive,90-99%,[Not Available],4,[Not Available],[Not Available],Positive,30-39%,[Not Available],4+,[Not Available],[Not Available],[Not Available],[Not Available],[Not Available],[Not Available],[Not Available],Negative,149,127,33,1.2,[Not Available],RATIO >EQUAL 2.0,[Not Available],[Not Available],[Not Available],[Not Available],[Not Available],[Not Available],[Not Available],[Not Available],[Not Available],[Not Available],[Not Available],[Not Available],[Not Available],[Not Available],[Not Available],[Not Available],[Not Available],[Not Available],[Not Available],[Not Available],[Not Available],[Not Available],[Not Available],Right Upper Inner Quadrant|Right Upper Outer Quadrant|Right,[Not Applicable],[Not Applicable],[Not Available],[Not Applicable],0,[Not Available],[Not Available],[Not Available],[Not Applicable],Infiltrating Lobular Carcinoma,C50.9,8520/3,C50.9,YES,[Not Available],[Not Available],[Not Applicable],[Not Available],AO,Breast,0:LIVING,52.99,1:Recurred/Progressed,35.02,TCGA-AO-A0J9
e17c565c-9857-4df3-a352-903b53093c85,TCGA-AO-A0JI,TCGA-AO-A0JI,8cb31f94-6d73-43fe-9daf-9b74d6720891/TCGA-AO-A0JI-01Z-00-DX1.4DCDA545-B7E3-49DF-AB10-963E84BEB105.svs,,2010-07-12 00:00:00,NO,YES,Female,Post (prior bilateral ovariectomy OR >12 mo since LMP with no prior hysterectomy),WHITE,NOT HISPANIC OR LATINO,No,No,TUMOR FREE,[Not Available],[Not Available],[Not Applicable],2007,56,Core needle biopsy,[Not Applicable],Modified Radical Mastectomy,[Not Available],Negative,[Not Available],[Not Applicable],[Not Available],Sentinel lymph node biopsy plus axillary dissection,[Not Available],YES,[Not Available],10,0,1,[Not Available],T1c,N1,M0,Stage IIA,[Not Available],[Not Available],Positive,90-99%,[Not Available],4,[Not Available],[Not Available],Negative,<10%,[Not Available],[Not Available],[Not Available],[Not Available],Negative,<10%,1,[Not Available],3+ Positive,[Not Available],[Not Available],[Not Available],[Not Available],[Not Available],[Not Available],[Not Available],[Not Available],[Not Available],[Not Available],[Not Available],[Not Available],[Not Available],[Not Available],[Not Available],[Not Available],[Not Available],[Not Available],[Not Available],[Not Available],[Not Available],[Not Available],[Not Available],[Not Available],[Not Available],[Not Available],[Not Available],[Not Available],[Not Available],[Not Available],Left Upper Outer Quadrant|Left,[Not Applicable],[Not Applicable],[Not Available],[Not Applicable],0,[Not Available],[Not Available],[Not Available],[Not Applicable],Infiltrating Ductal Carcinoma,C50.9,8500/3,C50.9,YES,[Not Available],[Not Available],[Not Applicable],[Not Available],AO,Breast,0:LIVING,50.2,0:DiseaseFree,50.2,TCGA-AO-A0JI
44bec761-b603-49c0-8634-f6bfe0319bb1,TCGA-AO-A0JM,TCGA-AO-A0JM,6e0aa823-3645-4de8-9c13-6cf2f5a8796a/TCGA-AO-A0JM-01Z-00-DX1.94E75EFD-E5F5-4DF8-93A0-ED94CB4D203A.svs,,9/20/10,NO,YES,Female,Pre (<6 months since LMP AND no prior bilateral ovariectomy AND not on estrogen replacement),[Not Available],HISPANIC OR LATINO,No,No,TUMOR FREE,[Not Available],[Not Available],[Not Applicable],2005,40,Core needle biopsy,[Not Applicable],Modified Radical Mastectomy,[Not Available],Negative,[Not Available],[Not Applicable],[Not Available],Sentinel lymph node biopsy plus axillary dissection,[Not Available],NO,[Not Available],23,2,[Not Available],[Not Available],T2,N1,M0,Stage IIB,[Not Available],[Not Available],Positive,90-99%,[Not Available],2,[Not Available],[Not Available],Positive,<10%,[Not Available],1+,[Not Available],[Not Available],Positive,70-79%,3,[Not Available],3+ POSITIVE,Positive,366,74,30,5,[Not Available],[Not Available],[Not Available],[Not Available],[Not Available],[Not Available],[Not Available],[Not Available],[Not Available],[Not Available],[Not Available],[Not Available],[Not Available],[Not Available],[Not Available],[Not Available],[Not Available],[Not Available],[Not Available],[Not Available],[Not Available],[Not Available],[Not Available],[Not Available],[Not Available],Right Lower Inner Quadrant|Right Lower Outer Quadrant|Right,[Not Applicable],[Not Applicable],[Not Available],[Not Applicable],0,[Not Available],[Not Available],[Not Available],[Not Applicable],Infiltrating Ductal Carcinoma,C50.9,8500/3,C50.9,YES,[Not Available],[Not Available],[Not Applicable],[Not Available],AO,Breast,0:LIVING,71.75,0:DiseaseFree,71.75,TCGA-AO-A0JM
2fe854b4-bac9-4801-9a1c-ee99388e8082,TCGA-AO-A12D,TCGA-AO-A12D,391143f8-da62-48fb-863f-ac505a6b0eaa/TCGA-AO-A12D-01Z-00-DX1.BA006BAD-5C6E-4099-BC99-3888E69F506E.svs,,2010-08-12 00:00:00,NO,YES,Female,Pre (<6 months since LMP AND no prior bilateral ovariectomy AND not on estrogen replacement),WHITE,NOT HISPANIC OR LATINO,No,No,TUMOR FREE,[Not Available],[Not Available],[Not Applicable],2005,43,Core needle biopsy,[Not Applicable],Modified Radical Mastectomy,[Not Available],Negative,[Not Available],[Not Applicable],[Not Available],Sentinel lymph node biopsy plus axillary dissection,[Not Available],YES,[Not Available],16,1,0,6th,T1c,N1a,M0,Stage IIA,[Not Available],[Not Available],Negative,<10%,[Not Available],[Not Available],[Not Available],[Not Available],Negative,<10%,[Not Available],[Not Available],[Not Available],[Not Available],Positive,90-99%,3,[Not Available],3+ Positive,Positive,441,66,32,6.7,[Not Available],>=2.0 Positive,[Not Available],[Not Available],[Not Available],[Not Available],[Not Available],[Not Available],[Not Available],[Not Available],[Not Available],[Not Available],[Not Available],[Not Available],[Not Available],[Not Available],[Not Available],[Not Available],[Not Available],[Not Available],[Not Available],[Not Available],[Not Available],[Not Available],[Not Available],Left Upper Outer Quadrant|Left,[Not Applicable],[Not Applicable],[Not Available],[Not Applicable],0,[Not Available],[Not Available],[Not Available],[Not Applicable],Infiltrating Ductal Carcinoma,C50.9,8500/3,C50.9,YES,[Not Available],[Not Available],[Not Applicable],[Not Available],AO,Breast,0:LIVING,82.62,0:DiseaseFree,82.62,TCGA-AO-A12D
2cbeadff-a8a3-4787-9d4e-f6b74c3ab5d9,TCGA-AO-A12E,TCGA-AO-A12E,8836f889-64c9-4ab5-8f59-9100035ee5b8/TCGA-AO-A12E-01Z-00-DX1.F2797928-26EC-4B28-BC50-432EB380624B.svs,,2010-08-12 00:00:00,NO,YES,Female,Pre (<6 months since LMP AND no prior bilateral ovariectomy AND not on estrogen replacement),WHITE,NOT HISPANIC OR LATINO,No,No,TUMOR FREE,[Not Available],[Not Available],[Not Applicable],2005,51,Core needle biopsy,[Not Applicable],Modified Radical Mastectomy,[Not Available],Negative,[Not Available],[Not Applicable],[Not Available],Axillary lymph node dissection alone,[Not Available],YES,[Not Available],13,0,1,6th,T3,N0 (i+),M0,Stage IIB,[Not Available],[Not Available],Positive,80-89%,[Not Available],2,[Not Available],[Not Available],Positive,40-49%,[Not Available],2+,[Not Available],[Not Available],Negative,<10%,0,[Not Available],3+ Positive,[Not Available],[Not Available],[Not Available],[Not Available],[Not Available],[Not Available],[Not Available],[Not Available],[Not Available],[Not Available],[Not Available],[Not Available],[Not Available],[Not Available],[Not Available],[Not Available],[Not Available],[Not Available],[Not Available],[Not Available],[Not Available],[Not Available],[Not Available],[Not Available],[Not Available],[Not Available],[Not Available],[Not Available],[Not Available],[Not Available],Right Lower Inner Quadrant|Right Lower Outer Quadrant|Right,[Not Applicable],[Not Applicable],[Not Available],[Not Applicable],0,[Not Available],[Not Available],[Not Available],[Not Applicable],Infiltrating Lobular Carcinoma,C50.9,8520/3,C50.9,YES,[Not Available],[Not Available],[Not Applicable],[Not Available],AO,Breast,0:LIVING,70.37,0:DiseaseFree,70.37,TCGA-AO-A12E
495f9eda-b9be-4eef-bae1-766a4bfbd68e,TCGA-AO-A12F,TCGA-AO-A12F,60439acf-de72-4e52-921e-d5fb6f73cf66/TCGA-AO-A12F-01Z-00-DX1.847C8E4F-3F37-4B1D-8E6E-ACD14391AD89.svs,,2010-08-12 00:00:00,NO,YES,Female,Pre (<6 months since LMP AND no prior bilateral ovariectomy AND not on estrogen replacement),WHITE,NOT HISPANIC OR LATINO,No,No,TUMOR FREE,[Not Available],[Not Available],[Not Applicable],2006,36,Core needle biopsy,[Not Applicable],Simple Mastectomy,[Not Available],Negative,[Not Available],[Not Applicable],[Not Available],Sentinel node biopsy alone,[Not Available],YES,[Not Available],17,0,0,6th,T2,N0 (i-),M0,Stage IIA,[Not Available],[Not Available],Negative,<10%,[Not Available],[Not Available],[Not Available],[Not Available],Negative,<10%,[Not Available],[Not Available],[Not Available],[Not Available],Negative,<10%,1,[Not Available],3+ Positive,[Not Available],[Not Available],[Not Available],[Not Available],[Not Available],[Not Available],[Not Available],[Not Available],[Not Available],[Not Available],[Not Available],[Not Available],[Not Available],[Not Available],[Not Available],[Not Available],[Not Available],[Not Available],[Not Available],[Not Available],[Not Available],[Not Available],[Not Available],[Not Available],[Not Available],[Not Available],[Not Available],[Not Available],[Not Available],[Not Available],Right Upper Outer Quadrant|Right,[Not Applicable],[Not Applicable],[Not Available],[Not Applicable],0,[Not Available],[Not Available],[Not Available],[Not Applicable],Infiltrating Ductal Carcinoma,C50.9,8500/3,C50.9,YES,[Not Available],[Not Available],[Not Applicable],[Not Available],AO,Breast,0:LIVING,60.51,0:DiseaseFree,60.51,TCGA-AO-A12F
58c56d4b-3f85-4aad-a779-5f9e1791677d,TCGA-AO-A12G,TCGA-AO-A12G,ee4c4ee9-fe59-44e3-8b77-70dfffada8b0/TCGA-AO-A12G-01Z-00-DX1.1C37E1FE-CF36-4570-A864-3813B8ADBA36.svs,,2010-08-12 00:00:00,NO,YES,Female,Post (prior bilateral ovariectomy OR >12 mo since LMP with no prior hysterectomy),WHITE,NOT HISPANIC OR LATINO,No,No,TUMOR FREE,[Not Available],[Not Available],[Not Applicable],2006,75,Core needle biopsy,[Not Applicable],Simple Mastectomy,[Not Available],Negative,[Not Available],[Not Applicable],[Not Available],Sentinel node biopsy alone,[Not Available],YES,[Not Available],4,0,1,6th,T2,N0 (i+),M0,Stage IIA,[Not Available],[Not Available],Positive,90-99%,[Not Available],4,[Not Available],[Not Available],Positive,30-39%,[Not Available],2+,[Not Available],[Not Available],Positive,[Not Available],2,[Not Available],[Not Available],Negative,66,67,23,1,[Not Available],>=2.0 Positive,[Not Available],[Not Available],[Not Available],[Not Available],[Not Available],[Not Available],[Not Available],[Not Available],[Not Available],[Not Available],[Not Available],[Not Available],[Not Available],[Not Available],[Not Available],[Not Available],[Not Available],[Not Available],[Not Available],[Not Available],[Not Available],[Not Available],[Not Available],Right Upper Outer Quadrant|Right,[Not Applicable],[Not Applicable],[Not Available],[Not Applicable],0,[Not Available],[Not Available],[Not Available],[Not Applicable],"Other, specify",C50.9,8022/3,C50.9,YES,[Not Available],[Not Available],[Not Applicable],[Not Available],AO,Breast,0:LIVING,53.84,0:DiseaseFree,53.84,TCGA-AO-A12G
43029932-feb0-4658-97fa-645c1e775009,TCGA-AR-A1AN,TCGA-AR-A1AN,465c44ea-fe8c-405e-8e21-c593b009d374/TCGA-AR-A1AN-01Z-00-DX1.1118F9FE-6DF2-4496-B102-D3A10D332EC0.svs,TCGA-AR-A1AN-01Z-00-DX1.1118F9FE-6DF2-4496-B102-D3A10D332EC0_mask.tiff,6/14/11,NO,YES,Female,Pre (<6 months since LMP AND no prior bilateral ovariectomy AND not on estrogen replacement),WHITE,HISPANIC OR LATINO,No,No,TUMOR FREE,[Not Available],[Not Available],[Not Applicable],2006,46,Core needle biopsy,[Not Applicable],Other,Wide Local Excision,Negative,[Not Available],[Not Applicable],[Not Available],Sentinel lymph node biopsy plus axillary dissection,[Not Available],YES,YES,5,0,[Not Available],6th,T2,N0,M0,Stage IIA,[Not Available],[Not Available],Positive,70-79%,[Not Available],[Not Available],[Not Available],[Not Available],Positive,70-79%,[Not Available],[Not Available],[Not Available],[Not Available],Negative,[Not Available],[Not Available],[Not Available],[Not Available],[Not Available],[Not Available],[Not Available],[Not Available],[Not Available],[Not Available],[Not Available],[Not Available],[Not Available],[Not Available],[Not Available],[Not Available],[Not Available],[Not Available],[Not Available],[Not Available],[Not Available],[Not Available],[Not Available],[Not Available],[Not Available],[Not Available],[Not Available],[Not Available],[Not Available],[Not Available],[Not Available],[Not Available],[Not Available],[Not Available],Right Upper Outer Quadrant,[Not Applicable],[Not Applicable],[Not Available],[Not Applicable],0,[Not Available],[Not Available],[Not Available],[Not Applicable],Infiltrating Ductal Carcinoma,C50.9,8500/3,C50.9,YES,[Not Available],[Not Available],[Not Applicable],[Not Available],AR,Breast,0:LIVING,95.93,0:DiseaseFree,95.93,TCGA-AR-A1AN
98e0b4de-52fc-4945-9bf5-11e29368f939,TCGA-AR-A1AQ,TCGA-AR-A1AQ,254121b2-ad2b-48c7-8556-a9ed304bf472/TCGA-AR-A1AQ-01Z-00-DX1.09D5D7FC-0FA8-4176-94B2-995F44D8ED4C.svs,TCGA-AR-A1AQ-01Z-00-DX1.09D5D7FC-0FA8-4176-94B2-995F44D8ED4C_mask.tiff,6/14/11,NO,YES,Female,Post (prior bilateral ovariectomy OR >12 mo since LMP with no prior hysterectomy),WHITE,NOT HISPANIC OR LATINO,No,No,TUMOR FREE,[Not Available],[Not Available],[Not Applicable],2007,49,Core needle biopsy,[Not Applicable],Other,Wide local excision,Negative,[Not Available],[Not Applicable],[Not Available],Sentinel lymph node biopsy plus axillary dissection,[Not Available],YES,YES,6,0,[Not Available],6th,T2,N0,M0,Stage IIA,[Not Available],[Not Available],Negative,[Not Available],[Not Available],[Not Available],[Not Available],[Not Available],Negative,[Not Available],[Not Available],[Not Available],[Not Available],[Not Available],Equivocal,[Not Available],2,[Not Available],[Not Available],Negative,[Not Available],[Not Available],[Not Available],[Not Available],[Not Available],[Not Available],[Not Available],[Not Available],[Not Available],[Not Available],[Not Available],[Not Available],[Not Available],[Not Available],[Not Available],[Not Available],[Not Available],[Not Available],[Not Available],[Not Available],[Not Available],[Not Available],[Not Available],[Not Available],[Not Available],[Not Available],[Not Available],[Not Available],[Not Available],Right Upper Inner Quadrant|Right Upper Outer Quadrant,[Not Applicable],[Not Applicable],[Not Available],[Not Applicable],0,[Not Available],[Not Available],[Not Available],[Not Applicable],Infiltrating Ductal Carcinoma,C50.9,8500/3,C50.9,YES,[Not Available],[Not Available],[Not Applicable],[Not Available],AR,Breast,0:LIVING,99.24,0:DiseaseFree,99.24,TCGA-AR-A1AQ
f72c1d69-da35-459f-8542-59bfd6c09c23,TCGA-AR-A1AX,TCGA-AR-A1AX,baf6eef1-9c9e-4022-b19d-c1f1e438ed93/TCGA-AR-A1AX-01Z-00-DX1.2389D54F-545E-499E-B392-DD731834460A.svs,TCGA-AR-A1AX-01Z-00-DX1.2389D54F-545E-499E-B392-DD731834460A_mask.tiff,6/14/11,NO,YES,Female,Post (prior bilateral ovariectomy OR >12 mo since LMP with no prior hysterectomy),WHITE,NOT HISPANIC OR LATINO,No,No,[Not Available],[Not Available],[Not Available],[Not Applicable],2007,64,Core needle biopsy,[Not Applicable],Other,Wide local excision,Negative,[Not Available],[Not Applicable],[Not Available],Sentinel lymph node biopsy plus axillary dissection,[Not Available],YES,YES,8,0,[Not Available],6th,T1,N0,M0,Stage I,[Not Available],[Not Available],Positive,[Not Available],[Not Available],[Not Available],[Not Available],[Not Available],Positive,70-79%,[Not Available],[Not Available],[Not Available],[Not Available],Positive,[Not Available],3,[Not Available],[Not Available],[Not Available],[Not Available],[Not Available],[Not Available],[Not Available],[Not Available],[Not Available],[Not Available],[Not Available],[Not Available],[Not Available],[Not Available],[Not Available],[Not Available],[Not Available],[Not Available],[Not Available],[Not Available],[Not Available],[Not Available],[Not Available],[Not Available],[Not Available],[Not Available],[Not Available],[Not Available],[Not Available],[Not Available],[Not Available],[Not Available],Left Upper Inner Quadrant|Left Upper Outer Quadrant,[Not Applicable],[Not Applicable],[Not Available],[Not Applicable],0,[Not Available],[Not Available],[Not Available],[Not Applicable],Infiltrating Ductal Carcinoma,C50.9,8500/3,C50.9,YES,[Not Available],[Not Available],[Not Applicable],[Not Available],AR,Breast,0:LIVING,86.37,0:DiseaseFree,86.37,TCGA-AR-A1AX
074e8b06-3929-4896-9263-3b80ad6a355b,TCGA-AR-A24S,TCGA-AR-A24S,b7a83dd7-c3b5-471c-8c44-355e45fbc00e/TCGA-AR-A24S-01Z-00-DX1.317C3B19-0D0F-4315-AC2D-C741F09DD775.svs,TCGA-AR-A24S-01Z-00-DX1.317C3B19-0D0F-4315-AC2D-C741F09DD775_mask.tiff,8/30/11,NO,YES,Female,Post (prior bilateral ovariectomy OR >12 mo since LMP with no prior hysterectomy),WHITE,NOT HISPANIC OR LATINO,No,No,[Not Available],[Not Available],[Not Available],[Not Applicable],2006,61,Core needle biopsy,[Not Applicable],Other,Wide local excision,Negative,[Not Available],[Not Applicable],[Not Available],Sentinel lymph node biopsy plus axillary dissection,[Not Available],YES,YES,4,0,[Not Available],6th,T1,N0,M0,Stage I,[Not Available],[Not Available],Positive,70-79%,[Not Available],[Not Available],[Not Available],[Not Available],Positive,[Not Available],[Not Available],[Not Available],[Not Available],[Not Available],Negative,[Not Available],[Not Available],[Not Available],[Not Available],[Not Available],[Not Available],[Not Available],[Not Available],[Not Available],[Not Available],[Not Available],[Not Available],[Not Available],[Not Available],[Not Available],[Not Available],[Not Available],[Not Available],[Not Available],[Not Available],[Not Available],[Not Available],[Not Available],[Not Available],[Not Available],[Not Available],[Not Available],[Not Available],[Not Available],[Not Available],[Not Available],[Not Available],[Not Available],[Not Available],Right Lower Outer Quadrant,[Not Applicable],[Not Applicable],[Not Available],[Not Applicable],0,[Not Available],[Not Available],[Not Available],[Not Applicable],Infiltrating Ductal Carcinoma,C50.9,8500/3,C50.9,YES,[Not Available],[Not Available],[Not Applicable],[Not Available],AR,Breast,0:LIVING,97.77,0:DiseaseFree,97.77,TCGA-AR-A24S
491d5ebb-e9ab-4b17-acb8-630ff9fef0f2,TCGA-AR-A24X,TCGA-AR-A24X,cd497e77-9c1c-463f-a2e4-7d090778bd81/TCGA-AR-A24X-01Z-00-DX1.304BF142-B01A-4AE9-B98C-FB3DE3BEAE57.svs,TCGA-AR-A24X-01Z-00-DX1.304BF142-B01A-4AE9-B98C-FB3DE3BEAE57_mask.tiff,8/30/11,NO,YES,Female,Pre (<6 months since LMP AND no prior bilateral ovariectomy AND not on estrogen replacement),WHITE,[Not Available],No,No,[Not Available],[Not Available],[Not Available],Mixed invasive ductal and invasive lobular,2006,52,Core needle biopsy,[Not Applicable],Simple Mastectomy,[Not Available],Negative,[Not Available],[Not Applicable],[Not Available],Sentinel lymph node biopsy plus axillary dissection,[Not Available],YES,YES,7,0,[Not Available],6th,T2,N0,M0,Stage IIA,[Not Available],[Not Available],Positive,80-89%,[Not Available],[Not Available],[Not Available],[Not Available],Positive,90-99%,[Not Available],[Not Available],[Not Available],[Not Available],Equivocal,[Not Available],2,[Not Available],[Not Available],Negative,[Not Available],[Not Available],[Not Available],[Not Available],[Not Available],[Not Available],[Not Available],[Not Available],[Not Available],[Not Available],[Not Available],[Not Available],[Not Available],[Not Available],[Not Available],[Not Available],[Not Available],[Not Available],[Not Available],[Not Available],[Not Available],[Not Available],[Not Available],[Not Available],[Not Available],[Not Available],[Not Available],[Not Available],[Not Available],Right Upper Inner Quadrant,[Not Applicable],[Not Applicable],[Not Available],[Not Applicable],0,[Not Available],[Not Available],[Not Available],[Not Applicable],Mixed Histology (please specify),C50.9,8522/3,C50.9,YES,[Not Available],[Not Available],[Not Applicable],[Not Available],AR,Breast,0:LIVING,98.69,0:DiseaseFree,98.69,TCGA-AR-A24X
c5891c7a-fd24-4891-8f51-373967e4a6dd,TCGA-BH-A0AW,TCGA-BH-A0AW,e6fe1a97-4a48-4da4-bb2f-d50e07d7cb45/TCGA-BH-A0AW-01Z-00-DX1.9D50A0D2-B103-411C-831E-8520C3D50173.svs,TCGA-BH-A0AW-01Z-00-DX1.9D50A0D2-B103-411C-831E-8520C3D50173_mask.tiff,2010-03-11 00:00:00,NO,YES,Female,Post (prior bilateral ovariectomy OR >12 mo since LMP with no prior hysterectomy),WHITE,[Not Available],No,No,TUMOR FREE,[Not Available],[Not Available],[Not Applicable],2008,56,Core needle biopsy,[Not Applicable],Lumpectomy,[Not Available],Negative,[Not Available],[Not Applicable],[Not Available],Axillary lymph node dissection alone,[Not Available],NO,[Not Available],12,2,0,[Not Available],T1c,N1a,M0,Stage IIA,[Not Available],[Not Available],Positive,[Not Available],[Not Available],[Not Available],H-Score,ER Positive H-Score 95,Negative,[Not Available],[Not Available],[Not Available],H-Score,PR Negative H-Score 0,Positive,[Not Available],3,[Not Available],[Not Available],[Not Available],[Not Available],[Not Available],[Not Available],[Not Available],[Not Available],[Not Available],[Not Available],[Not Available],[Not Available],[Not Available],[Not Available],[Not Available],[Not Available],[Not Available],[Not Available],[Not Available],[Not Available],[Not Available],[Not Available],[Not Available],[Not Available],[Not Available],[Not Available],[Not Available],[Not Available],[Not Available],[Not Available],[Not Available],[Not Available],Left Upper Inner Quadrant|Left Upper Outer Quadrant|Left,[Not Applicable],[Not Applicable],[Not Available],[Not Applicable],0,[Not Available],[Not Available],[Not Available],[Not Applicable],Infiltrating Ductal Carcinoma,C50.9,8500/3,C50.9,YES,[Not Available],[Not Available],[Not Applicable],[Not Available],BH,Breast,0:LIVING,20.43,0:DiseaseFree,20.43,TCGA-BH-A0AW
518f231c-f5f9-4a39-a97b-7fd5666d3e50,TCGA-BH-A0AZ,TCGA-BH-A0AZ,fdcfe8e5-34c9-4675-933b-d588a3dd2cb9/TCGA-BH-A0AZ-01Z-00-DX1.E20051E8-DEEF-48E5-B519-40777DDBC96B.svs,TCGA-BH-A0AZ-01Z-00-DX1.E20051E8-DEEF-48E5-B519-40777DDBC96B_mask.tiff,7/27/11,NO,YES,Female,Pre (<6 months since LMP AND no prior bilateral ovariectomy AND not on estrogen replacement),WHITE,NOT HISPANIC OR LATINO,No,No,TUMOR FREE,[Not Available],[Not Available],[Not Applicable],2008,47,Core needle biopsy,[Not Applicable],Other,total mastectomy with sentinel lymph node biopsy with tissue reconstruction,Negative,[Not Available],[Not Applicable],[Not Available],[Not Available],[Not Available],[Not Available],YES,13,1,[Not Available],6th,T3,N1a,cM0 (i+),Stage IIIA,[Not Available],[Not Available],Positive,[Not Available],[Not Available],[Not Available],[Not Available],[Not Available],Positive,[Not Available],[Not Available],[Not Available],[Not Available],[Not Available],Negative,[Not Available],[Not Available],[Not Available],[Not Available],[Not Available],[Not Available],[Not Available],[Not Available],[Not Available],[Not Available],[Not Available],[Not Available],[Not Available],[Not Available],[Not Available],[Not Available],[Not Available],[Not Available],[Not Available],[Not Available],[Not Available],[Not Available],[Not Available],[Not Available],[Not Available],[Not Available],[Not Available],[Not Available],[Not Available],[Not Available],[Not Available],[Not Available],[Not Available],[Not Available],Right,[Not Applicable],[Not Applicable],[Not Available],[Not Applicable],0,[Not Available],[Not Available],[Not Available],[Not Applicable],Infiltrating Ductal Carcinoma,C50.9,8500/3,C50.9,YES,NO,[Not Available],[Not Applicable],[Not Available],BH,Breast,0:LIVING,63.04,0:DiseaseFree,63.04,TCGA-BH-A0AZ
b4e4fea2-b802-4a86-923e-3fcbd3c708fe,TCGA-BH-A0B1,TCGA-BH-A0B1,4d9eabb5-9a2c-4b40-a3b6-37fa5e37b8ae/TCGA-BH-A0B1-01Z-00-DX1.CC60D284-04FB-4B73-90AA-FCE9185DADB6.svs,TCGA-BH-A0B1-01Z-00-DX1.CC60D284-04FB-4B73-90AA-FCE9185DADB6_mask.tiff,2010-03-11 00:00:00,NO,YES,Female,Post (prior bilateral ovariectomy OR >12 mo since LMP with no prior hysterectomy),WHITE,[Not Available],No,No,TUMOR FREE,[Not Available],[Not Available],[Not Applicable],2007,66,Core needle biopsy,[Not Applicable],Modified Radical Mastectomy,[Not Available],Negative,[Not Available],[Not Applicable],[Not Available],Sentinel lymph node biopsy plus axillary dissection,[Not Available],NO,[Not Available],15,1,0,[Not Available],T2,N1a,M0,Stage IIB,[Not Available],[Not Available],Positive,90-99%,[Not Available],3,[Not Available],[Not Available],Positive,40-49%,[Not Available],3+,[Not Available],[Not Available],Negative,[Not Available],1,[Not Available],[Not Available],[Not Available],[Not Available],[Not Available],[Not Available],[Not Available],[Not Available],[Not Available],[Not Available],[Not Available],[Not Available],[Not Available],[Not Available],[Not Available],[Not Available],[Not Available],[Not Available],[Not Available],[Not Available],[Not Available],[Not Available],[Not Available],[Not Available],[Not Available],[Not Available],[Not Available],[Not Available],[Not Available],[Not Available],[Not Available],[Not Available],Right Upper Outer Quadrant|Right,[Not Applicable],[Not Applicable],[Not Available],[Not Applicable],0,[Not Available],[Not Available],[Not Available],[Not Applicable],Infiltrating Ductal Carcinoma,C50.9,8500/3,C50.9,YES,[Not Available],[Not Available],[Not Applicable],[Not Available],BH,Breast,0:LIVING,37.71,0:DiseaseFree,37.71,TCGA-BH-A0B1
18eb4dfc-556f-4bf3-a411-4780209ed1e0,TCGA-BH-A0B3,TCGA-BH-A0B3,20c648d7-3d5c-490b-8820-5a11dcc5e592/TCGA-BH-A0B3-01Z-00-DX1.90CB0ED5-FBB7-4ABF-93A0-DD88D60D3D55.svs,TCGA-BH-A0B3-01Z-00-DX1.90CB0ED5-FBB7-4ABF-93A0-DD88D60D3D55_mask.tiff,2010-03-11 00:00:00,NO,YES,Female,Post (prior bilateral ovariectomy OR >12 mo since LMP with no prior hysterectomy),WHITE,[Not Available],No,No,TUMOR FREE,[Not Available],[Not Available],[Not Applicable],2007,53,Core needle biopsy,[Not Applicable],Other,Segmental mastectomy,Negative,[Not Available],[Not Applicable],[Not Available],Sentinel lymph node biopsy plus axillary dissection,[Not Available],NO,[Not Available],29,2,[Not Available],[Not Available],T2,N1a,M0,Stage IIB,[Not Available],[Not Available],Negative,[Not Available],[Not Available],0,[Not Available],[Not Available],Negative,[Not Available],[Not Available],0,[Not Available],[Not Available],Negative,[Not Available],1,[Not Available],[Not Available],[Not Available],[Not Available],[Not Available],[Not Available],[Not Available],[Not Available],[Not Available],[Not Available],[Not Available],[Not Available],[Not Available],[Not Available],[Not Available],[Not Available],[Not Available],[Not Available],[Not Available],[Not Available],[Not Available],[Not Available],[Not Available],[Not Available],[Not Available],[Not Available],[Not Available],[Not Available],[Not Available],[Not Available],[Not Available],[Not Available],Right Upper Inner Quadrant|Right Upper Outer Quadrant|Right,[Not Applicable],[Not Applicable],[Not Available],[Not Applicable],0,[Not Available],[Not Available],[Not Available],[Not Applicable],Infiltrating Ductal Carcinoma,C50.9,8500/3,C50.9,YES,[Not Available],[Not Available],[Not Applicable],[Not Available],BH,Breast,0:LIVING,39.52,0:DiseaseFree,39.52,TCGA-BH-A0B3
9da462b0-93c2-4305-89f6-7199a30399a7,TCGA-BH-A0B5,TCGA-BH-A0B5,00d39e31-94d4-4e9e-a8c5-5310355f71ad/TCGA-BH-A0B5-01Z-00-DX1.742DB0E8-8EB1-47C8-B698-8E2438FB6299.svs,TCGA-BH-A0B5-01Z-00-DX1.742DB0E8-8EB1-47C8-B698-8E2438FB6299_mask.tiff,2011-02-08 00:00:00,NO,YES,Female,Pre (<6 months since LMP AND no prior bilateral ovariectomy AND not on estrogen replacement),WHITE,NOT HISPANIC OR LATINO,No,No,TUMOR FREE,[Not Available],[Not Available],[Not Applicable],2007,40,Fine needle aspiration biopsy,[Not Applicable],Modified Radical Mastectomy,[Not Available],Positive,[Not Available],[Not Applicable],[Not Available],[Not Available],[Not Available],[Not Available],YES,24,5,[Not Available],6th,T2,N2a,M0,Stage IIIA,[Not Available],[Not Available],Positive,[Not Available],[Not Available],[Not Available],[Not Available],[Not Available],Positive,[Not Available],[Not Available],[Not Available],[Not Available],[Not Available],Negative,[Not Available],[Not Available],[Not Available],[Not Available],[Not Available],[Not Available],[Not Available],[Not Available],[Not Available],[Not Available],[Not Available],[Not Available],[Not Available],[Not Available],[Not Available],[Not Available],[Not Available],[Not Available],[Not Available],[Not Available],[Not Available],[Not Available],[Not Available],[Not Available],[Not Available],[Not Available],[Not Available],[Not Available],[Not Available],[Not Available],[Not Available],[Not Available],[Not Available],[Not Available],Left,[Not Applicable],[Not Applicable],[Not Available],[Not Applicable],0,[Not Available],[Not Available],[Not Available],[Not Applicable],Infiltrating Lobular Carcinoma,C50.9,8520/3,C50.9,YES,NO,[Not Available],[Not Applicable],[Not Available],BH,Breast,0:LIVING,70.17,0:DiseaseFree,70.17,TCGA-BH-A0B5
FA4E082A-D213-412E-8D91-842A6F4BEF12,TCGA-BH-A0B6,TCGA-BH-A0B6,67e1c57d-aa8a-4356-8cfc-2f4ac2526825/TCGA-BH-A0B6-01Z-00-DX1.4D982935-F600-4F37-ABB5-13AF74F4FDC4.svs,TCGA-BH-A0B6-01Z-00-DX1.4D982935-F600-4F37-ABB5-13AF74F4FDC4_mask.tiff,2011-04-08 00:00:00,NO,YES,Female,[Not Available],WHITE,NOT HISPANIC OR LATINO,Yes,Yes,TUMOR FREE,[Not Available],[Not Available],[Not Applicable],2006,47,Fine needle aspiration biopsy,[Not Applicable],Other,segmental mastectomy with sentinel lymph node biopsy,Negative,[Not Available],[Not Applicable],[Not Available],[Not Available],[Not Available],[Not Available],YES,4,0,[Not Available],6th,T1c,N0,M0,Stage I,[Not Available],[Not Available],Positive,[Not Available],[Not Available],[Not Available],[Not Available],[Not Available],Positive,[Not Available],[Not Available],[Not Available],[Not Available],[Not Available],Positive,[Not Available],[Not Available],[Not Available],[Not Available],[Not Available],[Not Available],[Not Available],[Not Available],[Not Available],[Not Available],[Not Available],[Not Available],[Not Available],[Not Available],[Not Available],[Not Available],[Not Available],[Not Available],[Not Available],[Not Available],[Not Available],[Not Available],[Not Available],[Not Available],[Not Available],[Not Available],[Not Available],[Not Available],[Not Available],[Not Available],[Not Available],[Not Available],[Not Available],[Not Available],Left Upper Outer Quadrant,[Not Applicable],[Not Applicable],[Not Available],[Not Applicable],0,[Not Available],[Not Available],[Not Available],[Not Applicable],Infiltrating Ductal Carcinoma,C50.9,8500/3,C50.9,YES,NO,[Not Available],[Not Applicable],[Not Available],BH,Breast,0:LIVING,81.57,0:DiseaseFree,81.57,TCGA-BH-A0B6
4f608829-ffc4-4527-886e-6bc764ab29f5,TCGA-BH-A0BG,TCGA-BH-A0BG,c5331e5e-10b4-4979-958b-d4592a2805de/TCGA-BH-A0BG-01Z-00-DX1.0838FB7F-8C85-4687-9F70-D136A1063383.svs,TCGA-BH-A0BG-01Z-00-DX1.0838FB7F-8C85-4687-9F70-D136A1063383_mask.tiff,2011-08-08 00:00:00,NO,YES,Female,Post (prior bilateral ovariectomy OR >12 mo since LMP with no prior hysterectomy),WHITE,NOT HISPANIC OR LATINO,No,No,TUMOR FREE,[Not Available],[Not Available],[Not Applicable],2008,73,Core needle biopsy,[Not Applicable],Other,Segmental mastectomy with sentinel axillary lymph node biopsy,Negative,[Not Available],[Not Applicable],[Not Available],[Not Available],[Not Available],[Not Available],YES,1,0,[Not Available],6th,T1,N0,M0,Stage I,[Not Available],[Not Available],Negative,[Not Available],[Not Available],[Not Available],[Not Available],[Not Available],Negative,[Not Available],[Not Available],[Not Available],[Not Available],[Not Available],Negative,[Not Available],[Not Available],[Not Available],[Not Available],[Not Available],[Not Available],[Not Available],[Not Available],[Not Available],[Not Available],[Not Available],[Not Available],[Not Available],[Not Available],[Not Available],[Not Available],[Not Available],[Not Available],[Not Available],[Not Available],[Not Available],[Not Available],[Not Available],[Not Available],[Not Available],[Not Available],[Not Available],[Not Available],[Not Available],[Not Available],[Not Available],[Not Available],[Not Available],[Not Available],Left Lower Outer Quadrant,[Not Applicable],[Not Applicable],[Not Available],[Not Applicable],0,[Not Available],[Not Available],[Not Available],[Not Applicable],Infiltrating Ductal Carcinoma,C50.9,8500/3,C50.9,YES,NO,[Not Available],[Not Applicable],[Not Available],BH,Breast,0:LIVING,61.47,0:DiseaseFree,61.47,TCGA-BH-A0BG
d6f911b5-e895-43f8-8f86-0ac2f1bc6fae,TCGA-BH-A0BJ,TCGA-BH-A0BJ,afeb2654-679d-4196-8273-b41a5ec4edfc/TCGA-BH-A0BJ-01Z-00-DX1.77BE9A20-3D23-4650-843A-0483BF9DD07B.svs,TCGA-BH-A0BJ-01Z-00-DX1.77BE9A20-3D23-4650-843A-0483BF9DD07B_mask.tiff,2010-08-11 00:00:00,NO,YES,Female,Pre (<6 months since LMP AND no prior bilateral ovariectomy AND not on estrogen replacement),WHITE,[Not Available],No,No,TUMOR FREE,[Not Available],[Not Available],[Not Applicable],2008,41,Core needle biopsy,[Not Applicable],Other,Segmental mastectomy,Negative,[Not Available],[Not Applicable],[Not Available],Sentinel lymph node biopsy plus axillary dissection,[Not Available],NO,[Not Available],18,2,[Not Available],[Not Available],T2,N1a,M0,Stage IIB,[Not Available],[Not Available],Positive,90-99%,[Not Available],3,H Score,H-Score 300,Positive,70-79%,[Not Available],3+,H-Score,H-Score 260,Negative,[Not Available],1,[Not Available],[Not Available],[Not Available],[Not Available],[Not Available],[Not Available],[Not Available],[Not Available],[Not Available],[Not Available],[Not Available],[Not Available],[Not Available],[Not Available],[Not Available],[Not Available],[Not Available],[Not Available],[Not Available],[Not Available],[Not Available],[Not Available],[Not Available],[Not Available],[Not Available],[Not Available],[Not Available],[Not Available],[Not Available],[Not Available],[Not Available],[Not Available],Left Upper Outer Quadrant|Left,[Not Applicable],[Not Applicable],[Not Available],[Not Applicable],0,[Not Available],[Not Available],[Not Available],[Not Applicable],Infiltrating Ductal Carcinoma,C50.9,8500/3,C50.9,YES,[Not Available],[Not Available],[Not Applicable],[Not Available],BH,Breast,0:LIVING,21.68,0:DiseaseFree,21.68,TCGA-BH-A0BJ
c2aeee6c-ba10-4cf9-b560-c739580f7bf3,TCGA-BH-A0BM,TCGA-BH-A0BM,9a37489c-cd3f-4fe3-8ba2-52b2c821459c/TCGA-BH-A0BM-01Z-00-DX1.8BD324F2-60F5-4F59-AF2D-533A5FB230BF.svs,TCGA-BH-A0BM-01Z-00-DX1.8BD324F2-60F5-4F59-AF2D-533A5FB230BF_mask.tiff,2010-08-11 00:00:00,NO,YES,Female,Post (prior bilateral ovariectomy OR >12 mo since LMP with no prior hysterectomy),WHITE,[Not Available],No,No,TUMOR FREE,[Not Available],[Not Available],[Not Applicable],2007,54,Core needle biopsy,[Not Applicable],Lumpectomy,[Not Available],Negative,[Not Available],[Not Applicable],[Not Available],Sentinel lymph node biopsy plus axillary dissection,[Not Available],NO,[Not Available],24,3,[Not Available],6th,T2,N1a,M0,Stage IIB,[Not Available],[Not Available],Positive,[Not Available],[Not Available],3,[Not Available],[Not Available],Negative,[Not Available],[Not Available],0,[Not Available],[Not Available],Negative,<10%,0,[Not Available],[Not Available],[Not Available],[Not Available],[Not Available],[Not Available],[Not Available],[Not Available],[Not Available],[Not Available],[Not Available],[Not Available],[Not Available],[Not Available],[Not Available],[Not Available],[Not Available],[Not Available],[Not Available],[Not Available],[Not Available],[Not Available],[Not Available],[Not Available],[Not Available],[Not Available],[Not Available],[Not Available],[Not Available],[Not Available],[Not Available],[Not Available],Right Upper Inner Quadrant|Right Upper Outer Quadrant|Right,[Not Applicable],[Not Applicable],[Not Available],[Not Applicable],0,[Not Available],[Not Available],[Not Available],[Not Applicable],Infiltrating Ductal Carcinoma,C50.9,8500/3,C50.9,YES,[Not Available],[Not Available],[Not Applicable],[Not Available],BH,Breast,0:LIVING,61.63,0:DiseaseFree,61.63,TCGA-BH-A0BM
b3bb8fd6-ee54-4813-b042-2bbe70115382,TCGA-BH-A0BQ,TCGA-BH-A0BQ,c411216f-e0d1-4970-b036-d4c3c560da89/TCGA-BH-A0BQ-01Z-00-DX1.F5C6386B-BB2C-49DF-B3B8-6C4B80D060D4.svs,TCGA-BH-A0BQ-01Z-00-DX1.F5C6386B-BB2C-49DF-B3B8-6C4B80D060D4_mask.tiff,2011-10-08 00:00:00,NO,YES,Female,Pre (<6 months since LMP AND no prior bilateral ovariectomy AND not on estrogen replacement),WHITE,NOT HISPANIC OR LATINO,No,No,TUMOR FREE,[Not Available],[Not Available],[Not Applicable],2007,39,Core needle biopsy,[Not Applicable],Other,Total mastectomy with retromammary lymph node excision,Negative,[Not Available],[Not Applicable],[Not Available],[Not Available],[Not Available],[Not Available],YES,2,0,[Not Available],6th,T1c,N0,M0,Stage I,[Not Available],[Not Available],Positive,[Not Available],[Not Available],[Not Available],[Not Available],[Not Available],Positive,[Not Available],[Not Available],[Not Available],[Not Available],[Not Available],Positive,[Not Available],[Not Available],[Not Available],[Not Available],[Not Available],[Not Available],[Not Available],[Not Available],[Not Available],[Not Available],[Not Available],[Not Available],[Not Available],[Not Available],[Not Available],[Not Available],[Not Available],[Not Available],[Not Available],[Not Available],[Not Available],[Not Available],[Not Available],[Not Available],[Not Available],[Not Available],[Not Available],[Not Available],[Not Available],[Not Available],[Not Available],[Not Available],[Not Available],[Not Available],Left,[Not Applicable],[Not Applicable],[Not Available],[Not Applicable],0,[Not Available],[Not Available],[Not Available],[Not Applicable],Infiltrating Ductal Carcinoma,C50.9,8500/3,C50.9,YES,NO,[Not Available],[Not Applicable],[Not Available],BH,Breast,0:LIVING,74.08,1:Recurred/Progressed,56.14,TCGA-BH-A0BQ
a32cb96a-78bf-456e-a6ab-2d47b2c67ad4,TCGA-BH-A0BT,TCGA-BH-A0BT,2c83bc8f-ac3c-4749-921a-cdef6f872704/TCGA-BH-A0BT-01Z-00-DX1.9087B9E7-C0CD-4179-AF57-AD9255785169.svs,TCGA-BH-A0BT-01Z-00-DX1.9087B9E7-C0CD-4179-AF57-AD9255785169_mask.tiff,2011-02-08 00:00:00,NO,YES,Female,[Not Available],WHITE,NOT HISPANIC OR LATINO,No,No,TUMOR FREE,[Not Available],[Not Available],[Not Applicable],2007,56,Core needle biopsy,[Not Applicable],Other,segmental mastectomy with sentinel lymph node excision and biopsy,Negative,[Not Available],[Not Applicable],[Not Available],[Not Available],[Not Available],[Not Available],[Not Available],[Not Available],[Not Available],[Not Available],6th,T1c,N1mi,M0,Stage IIA,[Not Available],[Not Available],Positive,[Not Available],[Not Available],[Not Available],[Not Available],[Not Available],Positive,[Not Available],[Not Available],[Not Available],[Not Available],[Not Available],Negative,[Not Available],[Not Available],[Not Available],[Not Available],[Not Available],[Not Available],[Not Available],[Not Available],[Not Available],[Not Available],[Not Available],[Not Available],[Not Available],[Not Available],[Not Available],[Not Available],[Not Available],[Not Available],[Not Available],[Not Available],[Not Available],[Not Available],[Not Available],[Not Available],[Not Available],[Not Available],[Not Available],[Not Available],[Not Available],[Not Available],[Not Available],[Not Available],[Not Available],[Not Available],Right Upper Inner Quadrant,[Not Applicable],[Not Applicable],[Not Available],[Not Applicable],0,[Not Available],[Not Available],[Not Available],[Not Applicable],Infiltrating Ductal Carcinoma,C50.9,8500/3,C50.9,YES,NO,[Not Available],[Not Applicable],[Not Available],BH,Breast,0:LIVING,77.69,0:DiseaseFree,77.69,TCGA-BH-A0BT
7875018b-91dc-4ab1-83b0-ee3883e2816e,TCGA-BH-A0C0,TCGA-BH-A0C0,c03ab317-6127-4010-867b-8b674df98044/TCGA-BH-A0C0-01Z-00-DX1.2D32D35A-EB7E-4D0E-BE5F-E56F7B930463.svs,TCGA-BH-A0C0-01Z-00-DX1.2D32D35A-EB7E-4D0E-BE5F-E56F7B930463_mask.tiff,2010-08-11 00:00:00,NO,YES,Female,Post (prior bilateral ovariectomy OR >12 mo since LMP with no prior hysterectomy),WHITE,[Not Available],No,No,TUMOR FREE,[Not Available],[Not Available],[Not Applicable],2007,62,Core needle biopsy,[Not Applicable],Other,Segmental mastectomy,Negative,[Not Available],[Not Applicable],[Not Available],Axillary lymph node dissection alone,[Not Available],NO,[Not Available],35,1,[Not Available],[Not Available],T1c,N1a,M0,Stage IIA,[Not Available],[Not Available],Positive,90-99%,[Not Available],3,[Not Available],[Not Available],Positive,60-69%,[Not Available],[Not Available],[Not Available],[Not Available],Equivocal,[Not Available],2,[Not Available],[Not Available],Positive,12.45,2.65,40,4.7,[Not Available],[Not Available],[Not Available],[Not Available],[Not Available],[Not Available],[Not Available],[Not Available],[Not Available],[Not Available],[Not Available],[Not Available],[Not Available],[Not Available],[Not Available],[Not Available],[Not Available],[Not Available],[Not Available],[Not Available],[Not Available],[Not Available],[Not Available],[Not Available],[Not Available],Left Upper Outer Quadrant|Left,[Not Applicable],[Not Applicable],[Not Available],[Not Applicable],0,[Not Available],[Not Available],[Not Available],[Not Applicable],Infiltrating Ductal Carcinoma,C50.9,8500/3,C50.9,YES,[Not Available],[Not Available],[Not Applicable],[Not Available],BH,Breast,0:LIVING,41.72,0:DiseaseFree,41.72,TCGA-BH-A0C0
7f0bbba1-9bc3-45db-bdda-eb3319bb15d2,TCGA-BH-A0DE,TCGA-BH-A0DE,0bd7ca22-a281-427c-a5ef-b59b5dd02da3/TCGA-BH-A0DE-01Z-00-DX1.64A0340A-8146-48E8-AAF7-4035988B9152.svs,TCGA-BH-A0DE-01Z-00-DX1.64A0340A-8146-48E8-AAF7-4035988B9152_mask.tiff,2011-11-08 00:00:00,NO,YES,Female,Post (prior bilateral ovariectomy OR >12 mo since LMP with no prior hysterectomy),WHITE,NOT HISPANIC OR LATINO,No,No,TUMOR FREE,[Not Available],[Not Available],[Not Applicable],2007,62,Core needle biopsy,[Not Applicable],Other,Segmental mastectomy with sentinel lymph node biopsy,Negative,[Not Available],[Not Applicable],[Not Available],[Not Available],[Not Available],[Not Available],YES,2,0,[Not Available],6th,T2,N0,M0,Stage IIA,[Not Available],[Not Available],Positive,[Not Available],[Not Available],[Not Available],[Not Available],[Not Available],Positive,[Not Available],[Not Available],[Not Available],[Not Available],[Not Available],Negative,[Not Available],[Not Available],[Not Available],[Not Available],[Not Available],[Not Available],[Not Available],[Not Available],[Not Available],[Not Available],[Not Available],[Not Available],[Not Available],[Not Available],[Not Available],[Not Available],[Not Available],[Not Available],[Not Available],[Not Available],[Not Available],[Not Available],[Not Available],[Not Available],[Not Available],[Not Available],[Not Available],[Not Available],[Not Available],[Not Available],[Not Available],[Not Available],[Not Available],[Not Available],Left Upper Outer Quadrant,[Not Applicable],[Not Applicable],[Not Available],[Not Applicable],0,[Not Available],[Not Available],[Not Available],[Not Applicable],Infiltrating Ductal Carcinoma,C50.9,8500/3,C50.9,YES,NO,[Not Available],[Not Applicable],[Not Available],BH,Breast,0:LIVING,77.92,0:DiseaseFree,77.92,TCGA-BH-A0DE
0bc5744c-5fa3-45bb-87d0-70a02068b392,TCGA-BH-A0DG,TCGA-BH-A0DG,7f454192-063c-405a-b047-b771922d0378/TCGA-BH-A0DG-01Z-00-DX1.D3C4F57F-608F-46AA-A978-B558117C9DFB.svs,TCGA-BH-A0DG-01Z-00-DX1.D3C4F57F-608F-46AA-A978-B558117C9DFB_mask.tiff,2011-02-08 00:00:00,NO,YES,Female,Pre (<6 months since LMP AND no prior bilateral ovariectomy AND not on estrogen replacement),BLACK OR AFRICAN AMERICAN,NOT HISPANIC OR LATINO,No,No,TUMOR FREE,[Not Available],[Not Available],[Not Applicable],2007,30,Core needle biopsy,[Not Applicable],Other,Total mastectomy,Negative,[Not Available],[Not Applicable],[Not Available],[Not Available],[Not Available],[Not Available],YES,3,0,[Not Available],6th,T2,N0,M0,Stage IIA,[Not Available],[Not Available],Positive,[Not Available],[Not Available],[Not Available],[Not Available],[Not Available],Negative,[Not Available],[Not Available],[Not Available],[Not Available],[Not Available],Negative,[Not Available],[Not Available],[Not Available],[Not Available],[Not Available],[Not Available],[Not Available],[Not Available],[Not Available],[Not Available],[Not Available],[Not Available],[Not Available],[Not Available],[Not Available],[Not Available],[Not Available],[Not Available],[Not Available],[Not Available],[Not Available],[Not Available],[Not Available],[Not Available],[Not Available],[Not Available],[Not Available],[Not Available],[Not Available],[Not Available],[Not Available],[Not Available],[Not Available],[Not Available],Right Upper Outer Quadrant,[Not Applicable],[Not Applicable],[Not Available],[Not Applicable],0,[Not Available],[Not Available],[Not Available],[Not Applicable],Infiltrating Ductal Carcinoma,C50.9,8500/3,C50.9,YES,NO,[Not Available],[Not Applicable],[Not Available],BH,Breast,0:LIVING,67.05,0:DiseaseFree,67.05,TCGA-BH-A0DG
491b6364-1223-474f-816f-e248c8c841e2,TCGA-BH-A0DH,TCGA-BH-A0DH,eb295196-fd86-44e1-b176-58f5a4e07958/TCGA-BH-A0DH-01Z-00-DX1.968AA1FD-068C-4B90-8C95-85BF2EFC3E3F.svs,TCGA-BH-A0DH-01Z-00-DX1.968AA1FD-068C-4B90-8C95-85BF2EFC3E3F_mask.tiff,2010-08-11 00:00:00,NO,YES,Female,Post (prior bilateral ovariectomy OR >12 mo since LMP with no prior hysterectomy),WHITE,[Not Available],No,No,TUMOR FREE,[Not Available],[Not Available],[Not Applicable],2007,63,Core needle biopsy,[Not Applicable],Other,Segmental mastectomy,Positive,Mastectomy NOS,[Not Applicable],Negative,Axillary lymph node dissection alone,[Not Available],NO,[Not Available],28,3,[Not Available],[Not Available],T2,N1a,M0,Stage IIB,[Not Available],[Not Available],Positive,90-99%,[Not Available],3,[Not Available],[Not Available],Positive,40-49%,[Not Available],3+,[Not Available],[Not Available],Negative,<10%,0,[Not Available],[Not Available],[Not Available],[Not Available],[Not Available],[Not Available],[Not Available],[Not Available],[Not Available],[Not Available],[Not Available],[Not Available],[Not Available],[Not Available],[Not Available],[Not Available],[Not Available],[Not Available],[Not Available],[Not Available],[Not Available],[Not Available],[Not Available],[Not Available],[Not Available],[Not Available],[Not Available],[Not Available],[Not Available],[Not Available],[Not Available],[Not Available],Left Upper Outer Quadrant|Left,[Not Applicable],[Not Applicable],[Not Available],[Not Applicable],0,[Not Available],[Not Available],[Not Available],[Not Applicable],Infiltrating Ductal Carcinoma,C50.9,8500/3,C50.9,YES,[Not Available],[Not Available],[Not Applicable],[Not Available],BH,Breast,0:LIVING,37.98,0:DiseaseFree,37.98,TCGA-BH-A0DH
27ba717a-5cd8-440a-9345-4ae086f6efca,TCGA-BH-A0DI,TCGA-BH-A0DI,325aaec2-6465-465c-a785-96dfca9ae3de/TCGA-BH-A0DI-01Z-00-DX1.6A42D535-8842-4C36-8299-A40E9E56759D.svs,TCGA-BH-A0DI-01Z-00-DX1.6A42D535-8842-4C36-8299-A40E9E56759D_mask.tiff,2011-11-08 00:00:00,NO,YES,Female,Post (prior bilateral ovariectomy OR >12 mo since LMP with no prior hysterectomy),WHITE,NOT HISPANIC OR LATINO,No,No,TUMOR FREE,[Not Available],[Not Available],[Not Applicable],2009,63,Core needle biopsy,[Not Applicable],Modified Radical Mastectomy,[Not Available],Negative,[Not Available],[Not Applicable],[Not Available],[Not Available],[Not Available],[Not Available],YES,28,3,[Not Available],6th,T2,N1a,M0,Stage IIB,[Not Available],[Not Available],Positive,[Not Available],[Not Available],[Not Available],[Not Available],[Not Available],Positive,[Not Available],[Not Available],[Not Available],[Not Available],[Not Available],Negative,[Not Available],[Not Available],[Not Available],[Not Available],[Not Available],[Not Available],[Not Available],[Not Available],[Not Available],[Not Available],[Not Available],[Not Available],[Not Available],[Not Available],[Not Available],[Not Available],[Not Available],[Not Available],[Not Available],[Not Available],[Not Available],[Not Available],[Not Available],[Not Available],[Not Available],[Not Available],[Not Available],[Not Available],[Not Available],[Not Available],[Not Available],[Not Available],[Not Available],[Not Available],Right,[Not Applicable],[Not Applicable],[Not Available],[Not Applicable],0,[Not Available],[Not Available],[Not Available],[Not Applicable],Infiltrating Ductal Carcinoma,C50.9,8500/3,C50.9,YES,NO,[Not Available],[Not Applicable],[Not Available],BH,Breast,0:LIVING,29.96,0:DiseaseFree,29.96,TCGA-BH-A0DI
f2bbfa9d-9a9d-4f46-9fde-378e4c44e2ad,TCGA-BH-A0DK,TCGA-BH-A0DK,b6c1920d-bc94-4286-9f4d-e90459359130/TCGA-BH-A0DK-01Z-00-DX1.0CFED53C-BAD9-4E35-B12F-57E64F3FEF1C.svs,TCGA-BH-A0DK-01Z-00-DX1.0CFED53C-BAD9-4E35-B12F-57E64F3FEF1C_mask.tiff,2010-08-11 00:00:00,NO,YES,Female,Pre (<6 months since LMP AND no prior bilateral ovariectomy AND not on estrogen replacement),WHITE,[Not Available],No,No,TUMOR FREE,[Not Available],[Not Available],[Not Applicable],2009,49,Excisional Biopsy,[Not Applicable],Simple Mastectomy,[Not Available],Negative,[Not Available],[Not Applicable],[Not Available],Sentinel node biopsy alone,[Not Available],NO,[Not Available],3,0,[Not Available],[Not Available],T2,N0 (i-),M0,Stage IIA,[Not Available],[Not Available],Positive,[Not Available],[Not Available],[Not Available],H-SCORE,H-SCORE 260,Positive,[Not Available],[Not Available],[Not Available],H-SCORE,H-SCORE 120,Negative,[Not Available],0,[Not Available],[Not Available],[Not Available],[Not Available],[Not Available],[Not Available],[Not Available],[Not Available],[Not Available],[Not Available],[Not Available],[Not Available],[Not Available],[Not Available],[Not Available],[Not Available],[Not Available],[Not Available],[Not Available],[Not Available],[Not Available],[Not Available],[Not Available],[Not Available],[Not Available],[Not Available],[Not Available],[Not Available],[Not Available],[Not Available],[Not Available],[Not Available],Left Upper Outer Quadrant|Left,[Not Applicable],[Not Applicable],[Not Available],[Not Applicable],0,[Not Available],[Not Available],[Not Available],[Not Applicable],Infiltrating Ductal Carcinoma,C50.9,8500/3,C50.9,YES,[Not Available],[Not Available],[Not Applicable],[Not Available],BH,Breast,0:LIVING,13.9,0:DiseaseFree,13.9,TCGA-BH-A0DK
74f31744-0aed-4633-beec-4e203315f0b7,TCGA-BH-A0DT,TCGA-BH-A0DT,43b25038-2f66-4bd4-b2af-69130271fd1d/TCGA-BH-A0DT-01Z-00-DX1.73AFCEBB-06B1-4870-ADA2-881511B1BE2D.svs,TCGA-BH-A0DT-01Z-00-DX1.73AFCEBB-06B1-4870-ADA2-881511B1BE2D_mask.tiff,2011-11-08 00:00:00,NO,YES,Female,Pre (<6 months since LMP AND no prior bilateral ovariectomy AND not on estrogen replacement),WHITE,[Not Available],No,No,TUMOR FREE,[Not Available],[Not Available],[Not Applicable],2007,41,Core needle biopsy,[Not Applicable],Other,Total mastectomy with sentinel lymoh node biopsy,Negative,[Not Available],[Not Applicable],[Not Available],[Not Available],[Not Available],[Not Available],YES,18,1,[Not Available],6th,T1c,N1a,M0,Stage IIA,[Not Available],[Not Available],Positive,[Not Available],[Not Available],[Not Available],[Not Available],[Not Available],Positive,[Not Available],[Not Available],[Not Available],[Not Available],[Not Available],Negative,[Not Available],[Not Available],[Not Available],[Not Available],[Not Available],[Not Available],[Not Available],[Not Available],[Not Available],[Not Available],[Not Available],[Not Available],[Not Available],[Not Available],[Not Available],[Not Available],[Not Available],[Not Available],[Not Available],[Not Available],[Not Available],[Not Available],[Not Available],[Not Available],[Not Available],[Not Available],[Not Available],[Not Available],[Not Available],[Not Available],[Not Available],[Not Available],[Not Available],[Not Available],Right,[Not Applicable],[Not Applicable],[Not Available],[Not Applicable],0,[Not Available],[Not Available],[Not Available],[Not Applicable],Infiltrating Ductal Carcinoma,C50.9,8500/3,C50.9,YES,NO,[Not Available],[Not Applicable],[Not Available],BH,Breast,0:LIVING,78.94,0:DiseaseFree,78.94,TCGA-BH-A0DT
96b9c7db-1be1-4b60-b47c-26b654c3d64c,TCGA-BH-A0DV,TCGA-BH-A0DV,fbcf506f-03f3-4c27-930d-dffd828f8680/TCGA-BH-A0DV-01Z-00-DX1.2F0B5FB3-40F0-4D27-BFAC-390FB9A42B39.svs,TCGA-BH-A0DV-01Z-00-DX1.2F0B5FB3-40F0-4D27-BFAC-390FB9A42B39_mask.tiff,2011-02-08 00:00:00,NO,YES,Female,Peri (6-12 months since last menstrual period),WHITE,[Not Available],No,No,TUMOR FREE,[Not Available],[Not Available],[Not Applicable],2007,54,Core needle biopsy,[Not Applicable],Modified Radical Mastectomy,[Not Available],Negative,[Not Available],[Not Applicable],[Not Available],[Not Available],[Not Available],[Not Available],YES,9,9,[Not Available],6th,T2,N2a,M0,Stage IIIA,[Not Available],[Not Available],Positive,[Not Available],[Not Available],[Not Available],[Not Available],[Not Available],Positive,[Not Available],[Not Available],[Not Available],[Not Available],[Not Available],Negative,[Not Available],[Not Available],[Not Available],[Not Available],[Not Available],[Not Available],[Not Available],[Not Available],[Not Available],[Not Available],[Not Available],[Not Available],[Not Available],[Not Available],[Not Available],[Not Available],[Not Available],[Not Available],[Not Available],[Not Available],[Not Available],[Not Available],[Not Available],[Not Available],[Not Available],[Not Available],[Not Available],[Not Available],[Not Available],[Not Available],[Not Available],[Not Available],[Not Available],[Not Available],Left Upper Inner Quadrant|Left Lower Inner Quadrant|Left Lower Outer Quadrant|Left,[Not Applicable],[Not Applicable],[Not Available],[Not Applicable],0,[Not Available],[Not Available],[Not Available],[Not Applicable],Infiltrating Ductal Carcinoma,C50.9,8500/3,C50.9,YES,NO,[Not Available],[Not Applicable],[Not Available],BH,Breast,0:LIVING,67.81,0:DiseaseFree,67.81,TCGA-BH-A0DV
035cb359-eac3-484a-9e88-3ddc739440a3,TCGA-BH-A0DX,TCGA-BH-A0DX,248c960a-1ed6-4393-9bdd-82dffe30786e/TCGA-BH-A0DX-01Z-00-DX1.45C27E71-9A0A-400E-93A9-5CE7780F3C5E.svs,TCGA-BH-A0DX-01Z-00-DX1.45C27E71-9A0A-400E-93A9-5CE7780F3C5E_mask.tiff,2011-11-08 00:00:00,NO,YES,Female,Post (prior bilateral ovariectomy OR >12 mo since LMP with no prior hysterectomy),WHITE,NOT HISPANIC OR LATINO,No,No,TUMOR FREE,[Not Available],[Not Available],[Not Applicable],2007,62,Core needle biopsy,[Not Applicable],Other,Segmental mastectomy with sentinel lymph node biopsy,Negative,[Not Available],[Not Applicable],[Not Available],[Not Available],[Not Available],[Not Available],YES,11,0,[Not Available],6th,T1b,N0,M0,Stage I,[Not Available],[Not Available],Positive,[Not Available],[Not Available],[Not Available],[Not Available],[Not Available],Positive,[Not Available],[Not Available],[Not Available],[Not Available],[Not Available],Negative,[Not Available],[Not Available],[Not Available],[Not Available],[Not Available],[Not Available],[Not Available],[Not Available],[Not Available],[Not Available],[Not Available],[Not Available],[Not Available],[Not Available],[Not Available],[Not Available],[Not Available],[Not Available],[Not Available],[Not Available],[Not Available],[Not Available],[Not Available],[Not Available],[Not Available],[Not Available],[Not Available],[Not Available],[Not Available],[Not Available],[Not Available],[Not Available],[Not Available],[Not Available],Left Upper Inner Quadrant,[Not Applicable],[Not Applicable],[Not Available],[Not Applicable],0,[Not Available],[Not Available],[Not Available],[Not Applicable],Infiltrating Ductal Carcinoma,C50.9,8500/3,C50.9,YES,NO,[Not Available],[Not Applicable],[Not Available],BH,Breast,0:LIVING,70.83,0:DiseaseFree,70.83,TCGA-BH-A0DX
478eb8aa-50b8-4ce5-98e4-d518ede4b174,TCGA-BH-A0DZ,TCGA-BH-A0DZ,34543318-23f4-48fc-aeed-fcab7991e8e3/TCGA-BH-A0DZ-01Z-00-DX1.138BAEC2-589E-4960-B94E-DF48DDAA5490.svs,TCGA-BH-A0DZ-01Z-00-DX1.138BAEC2-589E-4960-B94E-DF48DDAA5490_mask.tiff,2010-09-11 00:00:00,NO,YES,Female,Pre (<6 months since LMP AND no prior bilateral ovariectomy AND not on estrogen replacement),WHITE,[Not Available],No,No,TUMOR FREE,[Not Available],[Not Available],[Not Applicable],2009,43,Core needle biopsy,[Not Applicable],Simple Mastectomy,[Not Available],Negative,[Not Available],[Not Applicable],[Not Available],Sentinel lymph node biopsy plus axillary dissection,[Not Available],NO,[Not Available],5,1,[Not Available],[Not Available],T2,N1a,M0,Stage IIB,[Not Available],[Not Available],Positive,50-59%,[Not Available],2,H-SCORE,H-SCORE 140,Positive,<10%,[Not Available],2+,H-SCORE,H-SCORE 15,Positive,30-39%,3,[Not Available],[Not Available],[Not Available],[Not Available],[Not Available],[Not Available],[Not Available],[Not Available],[Not Available],[Not Available],[Not Available],[Not Available],[Not Available],[Not Available],[Not Available],[Not Available],[Not Available],[Not Available],[Not Available],[Not Available],[Not Available],[Not Available],[Not Available],[Not Available],[Not Available],[Not Available],[Not Available],[Not Available],[Not Available],[Not Available],[Not Available],[Not Available],Right Upper Inner Quadrant|Right Upper Outer Quadrant|Right Lower Inner Quadrant|Right Lower Outer Quadrant|Right,[Not Applicable],[Not Applicable],[Not Available],[Not Applicable],0,[Not Available],[Not Available],[Not Available],[Not Applicable],Infiltrating Ductal Carcinoma,C50.9,8500/3,C50.9,YES,[Not Available],[Not Available],[Not Applicable],[Not Available],BH,Breast,0:LIVING,16.26,0:DiseaseFree,16.26,TCGA-BH-A0DZ
20e8106b-1290-4735-abe4-7621e08e3dc8,TCGA-BH-A0E0,TCGA-BH-A0E0,949a4e4a-824a-422c-ab4f-e1860818074c/TCGA-BH-A0E0-01Z-00-DX1.01E88024-83DF-4282-ABAF-F4E35807DA06.svs,TCGA-BH-A0E0-01Z-00-DX1.01E88024-83DF-4282-ABAF-F4E35807DA06_mask.tiff,2010-09-11 00:00:00,NO,YES,Female,Pre (<6 months since LMP AND no prior bilateral ovariectomy AND not on estrogen replacement),WHITE,[Not Available],No,No,TUMOR FREE,[Not Available],[Not Available],[Not Applicable],2009,38,Core needle biopsy,[Not Applicable],Modified Radical Mastectomy,[Not Available],Negative,[Not Available],[Not Applicable],[Not Available],Axillary lymph node dissection alone,[Not Available],NO,[Not Available],21,10,[Not Available],[Not Available],T3,N3a,M0,Stage IIIC,[Not Available],[Not Available],Negative,[Not Available],[Not Available],0,H-SCORE,H-SCORE 0,Negative,[Not Available],[Not Available],0,H-SCORE,H-SCORE 0,Negative,[Not Available],1,[Not Available],[Not Available],[Not Available],[Not Available],[Not Available],[Not Available],[Not Available],[Not Available],[Not Available],[Not Available],[Not Available],[Not Available],[Not Available],[Not Available],[Not Available],[Not Available],[Not Available],[Not Available],[Not Available],[Not Available],[Not Available],[Not Available],[Not Available],[Not Available],[Not Available],[Not Available],[Not Available],[Not Available],[Not Available],[Not Available],[Not Available],[Not Available],Left Upper Outer Quadrant|Left Lower Outer Quadrant|Left,[Not Applicable],[Not Applicable],[Not Available],[Not Applicable],0,[Not Available],[Not Available],[Not Available],[Not Applicable],Infiltrating Ductal Carcinoma,C50.9,8500/3,C50.9,YES,[Not Available],[Not Available],[Not Applicable],[Not Available],BH,Breast,0:LIVING,4.4,0:DiseaseFree,4.4,TCGA-BH-A0E0
606fbc6a-b41b-441d-9401-51e54912bf5e,TCGA-BH-A0E1,TCGA-BH-A0E1,f6141773-e90b-44c0-893c-60990a784797/TCGA-BH-A0E1-01Z-00-DX1.257EB36A-1008-4890-927B-204EF05DBE90.svs,TCGA-BH-A0E1-01Z-00-DX1.257EB36A-1008-4890-927B-204EF05DBE90_mask.tiff,2010-09-11 00:00:00,NO,YES,Female,Peri (6-12 months since last menstrual period),WHITE,[Not Available],No,No,TUMOR FREE,[Not Available],[Not Available],[Not Applicable],2009,52,Core needle biopsy,[Not Applicable],Simple Mastectomy,[Not Available],Negative,[Not Available],[Not Applicable],[Not Available],Sentinel lymph node biopsy plus axillary dissection,[Not Available],NO,[Not Available],17,2,[Not Available],[Not Available],T2,N1,M0,Stage IIB,[Not Available],[Not Available],Positive,70-79%,[Not Available],2,H-SCORE,H-SCORE 180,Positive,50-59%,[Not Available],3+,H-SCORE,H-SCORE 245,Equivocal,[Not Available],2,[Not Available],[Not Available],Negative,2.81,1.67,40,1.69,[Not Available],[Not Available],[Not Available],[Not Available],[Not Available],[Not Available],[Not Available],[Not Available],[Not Available],[Not Available],[Not Available],[Not Available],[Not Available],[Not Available],[Not Available],[Not Available],[Not Available],[Not Available],[Not Available],[Not Available],[Not Available],[Not Available],[Not Available],[Not Available],[Not Available],Left Upper Inner Quadrant|Left,[Not Applicable],[Not Applicable],[Not Available],[Not Applicable],0,[Not Available],[Not Available],[Not Available],[Not Applicable],Infiltrating Ductal Carcinoma,C50.9,8500/3,C50.9,YES,[Not Available],[Not Available],[Not Applicable],[Not Available],BH,Breast,0:LIVING,15.67,0:DiseaseFree,15.67,TCGA-BH-A0E1
8ace3b8c-f23e-48a9-a137-9e046bd9549b,TCGA-BH-A0E2,TCGA-BH-A0E2,46291f24-b5c6-4e99-a4a2-a6645ceb6e47/TCGA-BH-A0E2-01Z-00-DX1.5F6FA19C-D59F-45BE-80CE-F738CAB1EF0B.svs,TCGA-BH-A0E2-01Z-00-DX1.5F6FA19C-D59F-45BE-80CE-F738CAB1EF0B_mask.tiff,2010-09-11 00:00:00,NO,YES,Female,Pre (<6 months since LMP AND no prior bilateral ovariectomy AND not on estrogen replacement),BLACK OR AFRICAN AMERICAN,[Not Available],No,No,TUMOR FREE,[Not Available],[Not Available],[Not Applicable],2009,49,Core needle biopsy,[Not Applicable],Modified Radical Mastectomy,[Not Available],Negative,[Not Available],[Not Applicable],[Not Available],Axillary lymph node dissection alone,[Not Available],NO,[Not Available],26,4,[Not Available],[Not Available],T2,N2a,M0,Stage IIIA,[Not Available],[Not Available],Positive,90-99%,[Not Available],3,H-SCORE,H-SCORE 300,Positive,<10%,[Not Available],1+,H-SCORE,H-SCORE 1,Negative,[Not Available],1,[Not Available],[Not Available],[Not Available],[Not Available],[Not Available],[Not Available],[Not Available],[Not Available],[Not Available],[Not Available],[Not Available],[Not Available],[Not Available],[Not Available],[Not Available],[Not Available],[Not Available],[Not Available],[Not Available],[Not Available],[Not Available],[Not Available],[Not Available],[Not Available],[Not Available],[Not Available],[Not Available],[Not Available],[Not Available],[Not Available],[Not Available],[Not Available],Right Upper Inner Quadrant|Right,[Not Applicable],[Not Applicable],[Not Available],[Not Applicable],0,[Not Available],[Not Available],[Not Available],[Not Applicable],Infiltrating Ductal Carcinoma,C50.9,8500/3,C50.9,YES,[Not Available],[Not Available],[Not Applicable],[Not Available],BH,Breast,0:LIVING,14.29,0:DiseaseFree,14.29,TCGA-BH-A0E2
76ace6aa-0505-442c-978a-f889cf2d44bb,TCGA-BH-A0E9,TCGA-BH-A0E9,4ee14819-c89c-48e8-b4ae-57a98757e436/TCGA-BH-A0E9-01Z-00-DX1.5FC4A5E1-3984-4869-9FFB-C0C7F9EAF5FE.svs,TCGA-BH-A0E9-01Z-00-DX1.5FC4A5E1-3984-4869-9FFB-C0C7F9EAF5FE_mask.tiff,2011-11-08 00:00:00,NO,YES,Female,Post (prior bilateral ovariectomy OR >12 mo since LMP with no prior hysterectomy),WHITE,[Not Available],No,No,TUMOR FREE,[Not Available],[Not Available],[Not Applicable],2006,53,Core needle biopsy,[Not Applicable],Modified Radical Mastectomy,[Not Available],Negative,[Not Available],[Not Applicable],[Not Available],[Not Available],[Not Available],[Not Available],YES,12,3,[Not Available],6th,T2,N1a,M0,Stage IIB,[Not Available],[Not Available],Positive,[Not Available],[Not Available],[Not Available],[Not Available],[Not Available],Positive,[Not Available],[Not Available],[Not Available],[Not Available],[Not Available],Negative,[Not Available],[Not Available],[Not Available],[Not Available],[Not Available],[Not Available],[Not Available],[Not Available],[Not Available],[Not Available],[Not Available],[Not Available],[Not Available],[Not Available],[Not Available],[Not Available],[Not Available],[Not Available],[Not Available],[Not Available],[Not Available],[Not Available],[Not Available],[Not Available],[Not Available],[Not Available],[Not Available],[Not Available],[Not Available],[Not Available],[Not Available],[Not Available],[Not Available],[Not Available],Right,[Not Applicable],[Not Applicable],[Not Available],[Not Applicable],0,[Not Available],[Not Available],[Not Available],[Not Applicable],Infiltrating Lobular Carcinoma,C50.9,8520/3,C50.9,YES,NO,[Not Available],[Not Applicable],[Not Available],BH,Breast,0:LIVING,81.77,0:DiseaseFree,81.77,TCGA-BH-A0E9
22b35927-1c3f-4f98-ba42-deafc56b677a,TCGA-BH-A0EI,TCGA-BH-A0EI,c0c80b78-109c-4f6c-8606-98cc0961c389/TCGA-BH-A0EI-01Z-00-DX1.929E126A-C9F8-4240-BF00-B6C4A57B7FF6.svs,TCGA-BH-A0EI-01Z-00-DX1.929E126A-C9F8-4240-BF00-B6C4A57B7FF6_mask.tiff,2011-11-08 00:00:00,NO,YES,Female,Peri (6-12 months since last menstrual period),WHITE,NOT HISPANIC OR LATINO,No,No,TUMOR FREE,[Not Available],[Not Available],[Not Applicable],2008,51,Core needle biopsy,[Not Applicable],Other,segmental mastectomy with right sentinel lymph node biopsy,Negative,[Not Available],[Not Applicable],[Not Available],[Not Available],[Not Available],[Not Available],YES,2,2,[Not Available],6th,T1c,N1a,M0,Stage IIA,[Not Available],[Not Available],Positive,[Not Available],[Not Available],[Not Available],[Not Available],[Not Available],Positive,[Not Available],[Not Available],[Not Available],[Not Available],[Not Available],Negative,[Not Available],[Not Available],[Not Available],[Not Available],[Not Available],[Not Available],[Not Available],[Not Available],[Not Available],[Not Available],[Not Available],[Not Available],[Not Available],[Not Available],[Not Available],[Not Available],[Not Available],[Not Available],[Not Available],[Not Available],[Not Available],[Not Available],[Not Available],[Not Available],[Not Available],[Not Available],[Not Available],[Not Available],[Not Available],[Not Available],[Not Available],[Not Available],[Not Available],[Not Available],Right,[Not Applicable],[Not Applicable],[Not Available],[Not Applicable],0,[Not Available],[Not Available],[Not Available],[Not Applicable],Infiltrating Ductal Carcinoma,C50.9,8500/3,C50.9,YES,NO,[Not Available],[Not Applicable],[Not Available],BH,Breast,0:LIVING,63.27,0:DiseaseFree,63.27,TCGA-BH-A0EI
7d9d3522-ec3b-4efe-8c8e-c0e675276ef5,TCGA-BH-A0GY,TCGA-BH-A0GY,d830b76d-d5ba-457c-bf00-7d8d7be3ab90/TCGA-BH-A0GY-01Z-00-DX1.E1AEAA36-94FA-41ED-851F-7BB11DD3C06D.svs,TCGA-BH-A0GY-01Z-00-DX1.E1AEAA36-94FA-41ED-851F-7BB11DD3C06D_mask.tiff,2010-10-11 00:00:00,NO,YES,Female,Post (prior bilateral ovariectomy OR >12 mo since LMP with no prior hysterectomy),WHITE,[Not Available],No,No,TUMOR FREE,[Not Available],[Not Available],[Not Applicable],2008,67,Core needle biopsy,[Not Applicable],Other,Segmental mastectomy,Negative,[Not Available],[Not Applicable],[Not Available],Sentinel lymph node biopsy plus axillary dissection,[Not Available],NO,[Not Available],26,3,[Not Available],[Not Available],T2,N1,M0,Stage IIA,[Not Available],[Not Available],Positive,40-49%,[Not Available],2,H-Score,H-Score 150,Positive,90-99%,[Not Available],3+,H-Score,H-Score 290,Negative,[Not Available],1,[Not Available],[Not Available],[Not Available],[Not Available],[Not Available],[Not Available],[Not Available],[Not Available],[Not Available],[Not Available],[Not Available],[Not Available],[Not Available],[Not Available],[Not Available],[Not Available],[Not Available],[Not Available],[Not Available],[Not Available],[Not Available],[Not Available],[Not Available],[Not Available],[Not Available],[Not Available],[Not Available],[Not Available],[Not Available],[Not Available],[Not Available],[Not Available],Left Lower Outer Quadrant|Left,[Not Applicable],[Not Applicable],[Not Available],[Not Applicable],0,[Not Available],[Not Available],[Not Available],[Not Applicable],Infiltrating Ductal Carcinoma,C50.9,8500/3,C50.9,YES,[Not Available],[Not Available],[Not Applicable],[Not Available],BH,Breast,0:LIVING,30.32,0:DiseaseFree,30.32,TCGA-BH-A0GY
27dfb9d4-3a2c-44bc-9acf-8f638d3f3004,TCGA-BH-A0GZ,TCGA-BH-A0GZ,6bd7f723-3737-491d-ac2f-279eac24f50c/TCGA-BH-A0GZ-01Z-00-DX1.9AD4F493-A0A9-499D-B667-B33333FC1A51.svs,TCGA-BH-A0GZ-01Z-00-DX1.9AD4F493-A0A9-499D-B667-B33333FC1A51_mask.tiff,2010-10-11 00:00:00,NO,YES,Female,Post (prior bilateral ovariectomy OR >12 mo since LMP with no prior hysterectomy),WHITE,[Not Available],No,No,TUMOR FREE,[Not Available],[Not Available],[Not Applicable],2009,62,Core needle biopsy,[Not Applicable],Other,Segmental mastectomy,Negative,[Not Available],[Not Applicable],Negative,Sentinel lymph node biopsy plus axillary dissection,[Not Available],NO,[Not Available],14,1,[Not Available],[Not Available],T1c,N1a,M0,Stage IIA,[Not Available],[Not Available],Positive,90-99%,[Not Available],3,H-SCORE,H-SCORE 300,Positive,80-89%,[Not Available],3+,H-SCORE,H-SCORE 280,Equivocal,[Not Available],2,[Not Available],[Not Available],Negative,2.2,2.08,40,1.05,[Not Available],[Not Available],[Not Available],[Not Available],[Not Available],[Not Available],[Not Available],[Not Available],[Not Available],[Not Available],[Not Available],[Not Available],[Not Available],[Not Available],[Not Available],[Not Available],[Not Available],[Not Available],[Not Available],[Not Available],[Not Available],[Not Available],[Not Available],[Not Available],[Not Available],Left Upper Inner Quadrant|Left,[Not Applicable],[Not Applicable],[Not Available],[Not Applicable],0,[Not Available],[Not Available],[Not Available],[Not Applicable],Infiltrating Ductal Carcinoma,C50.9,8500/3,C50.9,YES,[Not Available],[Not Available],[Not Applicable],[Not Available],BH,Breast,0:LIVING,10.78,0:DiseaseFree,10.78,TCGA-BH-A0GZ
6cdc0d53-f813-4101-81e5-9bee68270536,TCGA-BH-A0H3,TCGA-BH-A0H3,b56643ef-970e-48cb-bf38-60bfa688f1e5/TCGA-BH-A0H3-01Z-00-DX1.C6D4DFB9-A4FA-40B2-90EF-75294CBC4523.svs,TCGA-BH-A0H3-01Z-00-DX1.C6D4DFB9-A4FA-40B2-90EF-75294CBC4523_mask.tiff,2011-11-08 00:00:00,NO,YES,Female,Pre (<6 months since LMP AND no prior bilateral ovariectomy AND not on estrogen replacement),WHITE,NOT HISPANIC OR LATINO,No,No,TUMOR FREE,[Not Available],[Not Available],[Not Applicable],2008,46,Core needle biopsy,[Not Applicable],Other,Left segmental mastectomy with axillary lymph node dissection,Negative,[Not Available],[Not Applicable],[Not Available],[Not Available],[Not Available],[Not Available],YES,2,0,[Not Available],6th,T1c,N0,M0,Stage I,[Not Available],[Not Available],Positive,[Not Available],[Not Available],[Not Available],[Not Available],[Not Available],Positive,[Not Available],[Not Available],[Not Available],[Not Available],[Not Available],[Not Available],[Not Available],[Not Available],[Not Available],[Not Available],Negative,[Not Available],[Not Available],[Not Available],[Not Available],[Not Available],[Not Available],[Not Available],[Not Available],[Not Available],[Not Available],[Not Available],[Not Available],[Not Available],[Not Available],[Not Available],[Not Available],[Not Available],[Not Available],[Not Available],[Not Available],[Not Available],[Not Available],[Not Available],[Not Available],[Not Available],[Not Available],[Not Available],[Not Available],[Not Available],Left Upper Outer Quadrant,[Not Applicable],[Not Applicable],[Not Available],[Not Applicable],0,[Not Available],[Not Available],[Not Available],[Not Applicable],Infiltrating Ductal Carcinoma,C50.9,8500/3,C50.9,YES,NO,[Not Available],[Not Applicable],[Not Available],BH,Breast,0:LIVING,63.34,0:DiseaseFree,63.34,TCGA-BH-A0H3
cab38ea8-4555-413c-b81e-4621aac4ef85,TCGA-BH-A0H5,TCGA-BH-A0H5,ed2a1195-cf9f-443c-8d44-9966f576608b/TCGA-BH-A0H5-01Z-00-DX1.28F24D4D-EE80-4EDA-BC30-A194E22FD61C.svs,TCGA-BH-A0H5-01Z-00-DX1.28F24D4D-EE80-4EDA-BC30-A194E22FD61C_mask.tiff,2011-12-08 00:00:00,NO,YES,Female,Post (prior bilateral ovariectomy OR >12 mo since LMP with no prior hysterectomy),WHITE,NOT HISPANIC OR LATINO,No,No,TUMOR FREE,[Not Available],[Not Available],[Not Applicable],2008,45,Core needle biopsy,[Not Applicable],Other,Right total mastectomy with lymph node left axillary lymph node excision,Negative,[Not Available],[Not Applicable],[Not Available],[Not Available],[Not Available],[Not Available],YES,1,0,[Not Available],6th,T1c,N0 (i-),M0,Stage I,[Not Available],[Not Available],Positive,[Not Available],[Not Available],[Not Available],[Not Available],[Not Available],Positive,[Not Available],[Not Available],[Not Available],[Not Available],[Not Available],[Not Available],[Not Available],[Not Available],[Not Available],[Not Available],Negative,[Not Available],[Not Available],[Not Available],[Not Available],[Not Available],[Not Available],[Not Available],[Not Available],[Not Available],[Not Available],[Not Available],[Not Available],[Not Available],[Not Available],[Not Available],[Not Available],[Not Available],[Not Available],[Not Available],[Not Available],[Not Available],[Not Available],[Not Available],[Not Available],[Not Available],[Not Available],[Not Available],[Not Available],[Not Available],Right Upper Outer Quadrant,[Not Applicable],[Not Applicable],[Not Available],[Not Applicable],0,[Not Available],[Not Available],[Not Available],[Not Applicable],Infiltrating Ductal Carcinoma,C50.9,8500/3,C50.9,YES,NO,[Not Available],[Not Applicable],[Not Available],BH,Breast,0:LIVING,53.22,0:DiseaseFree,53.22,TCGA-BH-A0H5
aeb6a3a6-b57a-4c53-90e6-e833777dd2a1,TCGA-BH-A0H6,TCGA-BH-A0H6,30e301d3-7c7c-40e8-8940-80d44ae16572/TCGA-BH-A0H6-01Z-00-DX1.0CF7253A-B42C-4778-B1C6-17EC78A039ED.svs,TCGA-BH-A0H6-01Z-00-DX1.0CF7253A-B42C-4778-B1C6-17EC78A039ED_mask.tiff,2010-10-11 00:00:00,NO,YES,Female,Post (prior bilateral ovariectomy OR >12 mo since LMP with no prior hysterectomy),WHITE,[Not Available],No,No,TUMOR FREE,[Not Available],[Not Available],[Not Applicable],2008,82,Core needle biopsy,[Not Applicable],Other,Segmental mastectomy,Negative,[Not Available],[Not Applicable],[Not Available],No axillary staging,[Not Available],NO,[Not Available],0,0,0,[Not Available],T1b,NX,M0,Stage I,[Not Available],[Not Available],Positive,50-59%,[Not Available],2,H-SCORE,H-SCORE 230,Positive,60-69%,[Not Available],3+,H-SCORE,H-SCORE 250,Negative,[Not Available],1,[Not Available],[Not Available],[Not Available],[Not Available],[Not Available],[Not Available],[Not Available],[Not Available],[Not Available],[Not Available],[Not Available],[Not Available],[Not Available],[Not Available],[Not Available],[Not Available],[Not Available],[Not Available],[Not Available],[Not Available],[Not Available],[Not Available],[Not Available],[Not Available],[Not Available],[Not Available],[Not Available],[Not Available],[Not Available],[Not Available],[Not Available],[Not Available],Right Upper Inner Quadrant|Right Upper Outer Quadrant|Right,[Not Applicable],[Not Applicable],[Not Available],[Not Applicable],0,[Not Available],[Not Available],[Not Available],[Not Applicable],Infiltrating Ductal Carcinoma,C50.9,8500/3,C50.9,YES,[Not Available],[Not Available],[Not Applicable],[Not Available],BH,Breast,0:LIVING,24.54,0:DiseaseFree,24.54,TCGA-BH-A0H6
2021ed1f-dc75-4701-b8b8-1386466e4802,TCGA-BH-A0H7,TCGA-BH-A0H7,8f6f7af5-28d7-42d0-8540-5eeb8d711701/TCGA-BH-A0H7-01Z-00-DX1.21502FEA-DB37-4630-BA42-778DDF3A6D17.svs,TCGA-BH-A0H7-01Z-00-DX1.21502FEA-DB37-4630-BA42-778DDF3A6D17_mask.tiff,2010-10-11 00:00:00,NO,YES,Female,Post (prior bilateral ovariectomy OR >12 mo since LMP with no prior hysterectomy),WHITE,[Not Available],No,No,TUMOR FREE,[Not Available],[Not Available],[Not Applicable],2008,65,Core needle biopsy,[Not Applicable],Modified Radical Mastectomy,[Not Available],Negative,[Not Available],[Not Applicable],[Not Available],Axillary lymph node dissection alone,[Not Available],NO,[Not Available],16,6,[Not Available],[Not Available],T1c,N2a,M0,Stage IIIA,[Not Available],[Not Available],Positive,70-79%,[Not Available],3,H-SCORE,H-SCORE 255,Positive,30-39%,[Not Available],2+,H-SCORE,H-SCORE 150,Negative,[Not Available],1,[Not Available],[Not Available],[Not Available],[Not Available],[Not Available],[Not Available],[Not Available],[Not Available],[Not Available],[Not Available],[Not Available],[Not Available],[Not Available],[Not Available],[Not Available],[Not Available],[Not Available],[Not Available],[Not Available],[Not Available],[Not Available],[Not Available],[Not Available],[Not Available],[Not Available],[Not Available],[Not Available],[Not Available],[Not Available],[Not Available],[Not Available],[Not Available],Right Upper Inner Quadrant|Right Upper Outer Quadrant|Right Lower Inner Quadrant|Right Lower Outer Quadrant|Right,[Not Applicable],[Not Applicable],[Not Available],[Not Applicable],0,[Not Available],[Not Available],[Not Available],[Not Applicable],Infiltrating Ductal Carcinoma,C50.9,8500/3,C50.9,YES,[Not Available],[Not Available],[Not Applicable],[Not Available],BH,Breast,0:LIVING,23.06,0:DiseaseFree,23.06,TCGA-BH-A0H7
0f64edec-0f1f-4025-8a53-75f9534f7828,TCGA-BH-A0H9,TCGA-BH-A0H9,0f93bc51-9428-4241-8e03-765c47ce709a/TCGA-BH-A0H9-01Z-00-DX1.8AE869C6-5C78-4D52-AC8B-5B6FD5FD91AA.svs,TCGA-BH-A0H9-01Z-00-DX1.8AE869C6-5C78-4D52-AC8B-5B6FD5FD91AA_mask.tiff,11/17/10,NO,YES,Female,Post (prior bilateral ovariectomy OR >12 mo since LMP with no prior hysterectomy),WHITE,[Not Available],No,No,TUMOR FREE,[Not Available],[Not Available],[Not Applicable],2007,69,Core needle biopsy,[Not Applicable],Other,Segmental mastectomy,Negative,[Not Available],[Not Applicable],[Not Available],Sentinel node biopsy alone,[Not Available],NO,[Not Available],1,0,[Not Available],[Not Available],T2,N0 (i-),M0,Stage IIA,[Not Available],[Not Available],Positive,90-99%,[Not Available],3,[Not Available],[Not Available],Positive,30-39%,[Not Available],1+,[Not Available],[Not Available],Equivocal,[Not Available],2,[Not Available],[Not Available],Negative,3.43,2.98,40,1.5,[Not Available],[Not Available],[Not Available],[Not Available],[Not Available],[Not Available],[Not Available],[Not Available],[Not Available],[Not Available],[Not Available],[Not Available],[Not Available],[Not Available],[Not Available],[Not Available],[Not Available],[Not Available],[Not Available],[Not Available],[Not Available],[Not Available],[Not Available],[Not Available],[Not Available],Right Upper Outer Quadrant|Right,[Not Applicable],[Not Applicable],[Not Available],[Not Applicable],0,[Not Available],[Not Available],[Not Available],[Not Applicable],Infiltrating Ductal Carcinoma,C50.9,8500/3,C50.9,YES,[Not Available],[Not Available],[Not Applicable],[Not Available],BH,Breast,0:LIVING,40.97,0:DiseaseFree,40.97,TCGA-BH-A0H9
e666081b-caaf-4e8b-9446-807be71201a5,TCGA-BH-A0HA,TCGA-BH-A0HA,18cddd3f-b493-46fe-bb77-f72f45a254f6/TCGA-BH-A0HA-01Z-00-DX1.5A2F5C86-E1E7-445D-A4E3-29980FA37708.svs,TCGA-BH-A0HA-01Z-00-DX1.5A2F5C86-E1E7-445D-A4E3-29980FA37708_mask.tiff,2011-02-08 00:00:00,NO,YES,Female,Pre (<6 months since LMP AND no prior bilateral ovariectomy AND not on estrogen replacement),WHITE,NOT HISPANIC OR LATINO,No,No,TUMOR FREE,[Not Available],[Not Available],[Not Applicable],2008,31,Core needle biopsy,[Not Applicable],Other,bilateral total mastectomies with right sentinel node biopsy,Negative,[Not Available],[Not Applicable],[Not Available],[Not Available],[Not Available],[Not Available],YES,4,0,[Not Available],6th,T1c,N0 (i-),M0,Stage I,[Not Available],[Not Available],Positive,[Not Available],[Not Available],[Not Available],[Not Available],[Not Available],Positive,[Not Available],[Not Available],[Not Available],[Not Available],[Not Available],[Not Available],[Not Available],[Not Available],[Not Available],[Not Available],Negative,[Not Available],[Not Available],[Not Available],[Not Available],[Not Available],[Not Available],[Not Available],[Not Available],[Not Available],[Not Available],[Not Available],[Not Available],[Not Available],[Not Available],[Not Available],[Not Available],[Not Available],[Not Available],[Not Available],[Not Available],[Not Available],[Not Available],[Not Available],[Not Available],[Not Available],[Not Available],[Not Available],[Not Available],[Not Available],Right,[Not Applicable],[Not Applicable],[Not Available],[Not Applicable],0,[Not Available],[Not Available],[Not Available],[Not Applicable],Infiltrating Ductal Carcinoma,C50.9,8500/3,C50.9,YES,NO,[Not Available],[Not Applicable],[Not Available],BH,Breast,0:LIVING,52.92,0:DiseaseFree,52.92,TCGA-BH-A0HA
e0375a8b-a135-4103-a59d-39063fcf4a6f,TCGA-BH-A0HI,TCGA-BH-A0HI,a2b326ec-6f81-4197-9a97-7db4b5b638d1/TCGA-BH-A0HI-01Z-00-DX1.89DB9F79-0DCC-4C65-831E-96AE026C2C4E.svs,TCGA-BH-A0HI-01Z-00-DX1.89DB9F79-0DCC-4C65-831E-96AE026C2C4E_mask.tiff,2010-10-11 00:00:00,NO,YES,Female,Post (prior bilateral ovariectomy OR >12 mo since LMP with no prior hysterectomy),WHITE,[Not Available],No,No,TUMOR FREE,[Not Available],[Not Available],[Not Applicable],2008,78,Core needle biopsy,[Not Applicable],Other,Segmental mastectomy,Negative,[Not Available],[Not Applicable],[Not Available],Sentinel node biopsy alone,[Not Available],YES,[Not Available],1,0,0,[Not Available],T1c,N0 (i-),M0,Stage IA,[Not Available],[Not Available],Positive,50-59%,[Not Available],3,H-Score,H-Score 240,Positive,40-49%,[Not Available],1+,H-Score,H-Score 160,Negative,[Not Available],1,[Not Available],[Not Available],[Not Available],[Not Available],[Not Available],[Not Available],[Not Available],[Not Available],[Not Available],[Not Available],[Not Available],[Not Available],[Not Available],[Not Available],[Not Available],[Not Available],[Not Available],[Not Available],[Not Available],[Not Available],[Not Available],[Not Available],[Not Available],[Not Available],[Not Available],[Not Available],[Not Available],[Not Available],[Not Available],[Not Available],[Not Available],[Not Available],Right Upper Inner Quadrant|Right Lower Inner Quadrant|Right,[Not Applicable],[Not Applicable],[Not Available],[Not Applicable],0,[Not Available],[Not Available],[Not Available],[Not Applicable],Infiltrating Ductal Carcinoma,C50.9,8500/3,C50.9,YES,[Not Available],[Not Available],[Not Applicable],[Not Available],BH,Breast,0:LIVING,20.37,0:DiseaseFree,20.37,TCGA-BH-A0HI
3b01d064-8c00-4972-9f07-407eac8e7534,TCGA-BH-A0HX,TCGA-BH-A0HX,70b9e76b-7bb1-4b1b-b154-c3af7e217c58/TCGA-BH-A0HX-01Z-00-DX1.44EBA39E-383D-4820-915E-4E5FDA1D43DA.svs,TCGA-BH-A0HX-01Z-00-DX1.44EBA39E-383D-4820-915E-4E5FDA1D43DA_mask.tiff,2010-11-11 00:00:00,NO,YES,Female,Post (prior bilateral ovariectomy OR >12 mo since LMP with no prior hysterectomy),WHITE,[Not Available],No,No,TUMOR FREE,[Not Available],[Not Available],[Not Applicable],2008,54,Core needle biopsy,[Not Applicable],Simple Mastectomy,[Not Available],Negative,[Not Available],[Not Applicable],[Not Available],Sentinel lymph node biopsy plus axillary dissection,[Not Available],YES,[Not Available],24,2,2,[Not Available],T2,N1a,M0,Stage IIB,[Not Available],[Not Available],Positive,80-89%,[Not Available],3,H-Score,H-Score 270,Positive,50-59%,[Not Available],3+,H-Score,H-Score 190,Negative,<10%,[Not Available],[Not Available],[Not Available],[Not Available],[Not Available],[Not Available],[Not Available],[Not Available],[Not Available],[Not Available],[Not Available],[Not Available],[Not Available],[Not Available],[Not Available],[Not Available],[Not Available],[Not Available],[Not Available],[Not Available],[Not Available],[Not Available],[Not Available],[Not Available],[Not Available],[Not Available],[Not Available],[Not Available],[Not Available],[Not Available],[Not Available],[Not Available],[Not Available],Left Upper Inner Quadrant|Left Upper Outer Quadrant|Left Lower Inner Quadrant|Left Lower Outer Quadrant|Left,[Not Applicable],[Not Applicable],[Not Available],[Not Applicable],0,[Not Available],[Not Available],[Not Available],[Not Applicable],Infiltrating Ductal Carcinoma,C50.9,8500/3,C50.9,YES,[Not Available],[Not Available],[Not Applicable],[Not Available],BH,Breast,0:LIVING,27.23,0:DiseaseFree,27.23,TCGA-BH-A0HX
844ad251-3ee4-42f6-ad00-59a7a1670eea,TCGA-BH-A0HY,TCGA-BH-A0HY,6fe97bc4-b79f-44dc-bf2b-d33cd187977b/TCGA-BH-A0HY-01Z-00-DX1.D7A1BF42-F268-4220-B71B-354CE2AF32D8.svs,TCGA-BH-A0HY-01Z-00-DX1.D7A1BF42-F268-4220-B71B-354CE2AF32D8_mask.tiff,2011-02-08 00:00:00,NO,YES,Female,Post (prior bilateral ovariectomy OR >12 mo since LMP with no prior hysterectomy),WHITE,NOT HISPANIC OR LATINO,No,No,TUMOR FREE,[Not Available],[Not Available],[Not Applicable],2009,60,Core needle biopsy,[Not Applicable],Other,Total mastectomy with left sentinel lymph node biospy,Negative,[Not Available],[Not Applicable],[Not Available],[Not Available],[Not Available],[Not Available],YES,3,0,[Not Available],6th,T1c,N0,M0,Stage I,[Not Available],[Not Available],Positive,[Not Available],[Not Available],[Not Available],[Not Available],[Not Available],Negative,[Not Available],[Not Available],[Not Available],[Not Available],[Not Available],Positive,[Not Available],[Not Available],[Not Available],[Not Available],[Not Available],[Not Available],[Not Available],[Not Available],[Not Available],[Not Available],[Not Available],[Not Available],[Not Available],[Not Available],[Not Available],[Not Available],[Not Available],[Not Available],[Not Available],[Not Available],[Not Available],[Not Available],[Not Available],[Not Available],[Not Available],[Not Available],[Not Available],[Not Available],[Not Available],[Not Available],[Not Available],[Not Available],[Not Available],[Not Available],Left,[Not Applicable],[Not Applicable],[Not Available],[Not Applicable],0,[Not Available],[Not Available],[Not Available],[Not Applicable],Infiltrating Ductal Carcinoma,C50.9,8500/3,C50.9,YES,NO,[Not Available],[Not Applicable],[Not Available],BH,Breast,0:LIVING,50.76,0:DiseaseFree,50.76,TCGA-BH-A0HY
e828455d-4680-41b2-8a1c-1582e3790d62,TCGA-BH-A0RX,TCGA-BH-A0RX,e19be2bd-3482-4612-b9de-5027eae356f7/TCGA-BH-A0RX-01Z-00-DX1.B4ABAFB9-6696-4F22-9468-DA56E1AD32D3.svs,TCGA-BH-A0RX-01Z-00-DX1.B4ABAFB9-6696-4F22-9468-DA56E1AD32D3_mask.tiff,2010-11-11 00:00:00,NO,YES,Female,Post (prior bilateral ovariectomy OR >12 mo since LMP with no prior hysterectomy),WHITE,[Not Available],No,No,TUMOR FREE,[Not Available],[Not Available],[Not Applicable],2010,59,Core needle biopsy,[Not Applicable],Other,Segmental mastectomy,Negative,[Not Available],[Not Applicable],[Not Available],Sentinel node biopsy alone,[Not Available],NO,[Not Available],3,0,[Not Available],[Not Available],T2,N0 (i-),M0,Stage IIA,[Not Available],[Not Available],Negative,<10%,[Not Available],0,H-Score,H-Score 0,Negative,<10%,[Not Available],0,H-Score,H-Score 0,Negative,[Not Available],1,[Not Available],[Not Available],[Not Available],[Not Available],[Not Available],[Not Available],[Not Available],[Not Available],[Not Available],[Not Available],[Not Available],[Not Available],[Not Available],[Not Available],[Not Available],[Not Available],[Not Available],[Not Available],[Not Available],[Not Available],[Not Available],[Not Available],[Not Available],[Not Available],[Not Available],[Not Available],[Not Available],[Not Available],[Not Available],[Not Available],[Not Available],[Not Available],Left Upper Outer Quadrant|Left,[Not Applicable],[Not Applicable],[Not Available],[Not Applicable],0,[Not Available],[Not Available],[Not Available],[Not Applicable],Infiltrating Ductal Carcinoma,C50.9,8500/3,C50.9,YES,[Not Available],[Not Available],[Not Applicable],[Not Available],BH,Breast,0:LIVING,5.58,0:DiseaseFree,5.58,TCGA-BH-A0RX
3c612e12-6de8-44fa-a095-805c45474821,TCGA-BH-A0W3,TCGA-BH-A0W3,48803849-058a-4699-b974-cbbb0393d2f7/TCGA-BH-A0W3-01Z-00-DX1.38DCA2B7-1A54-4FFA-BABA-29F80974BB17.svs,TCGA-BH-A0W3-01Z-00-DX1.38DCA2B7-1A54-4FFA-BABA-29F80974BB17_mask.tiff,2/14/11,NO,YES,Female,Indeterminate (neither Pre or Postmenopausal),WHITE,NOT HISPANIC OR LATINO,No,No,TUMOR FREE,[Not Available],[Not Available],[Not Applicable],2010,58,Core needle biopsy,[Not Applicable],Other,Segmental mastectomy,[Not Available],[Not Available],[Not Applicable],[Not Available],[Not Available],[Not Available],[Not Available],[Not Available],4,1,1,7th,T1c,N1a,M0,Stage IIA,[Not Available],[Not Available],Positive,[Not Available],[Not Available],[Not Available],[Not Available],[Not Available],Positive,[Not Available],[Not Available],[Not Available],[Not Available],[Not Available],Equivocal,[Not Available],[Not Available],[Not Available],[Not Available],Negative,[Not Available],[Not Available],[Not Available],[Not Available],[Not Available],[Not Available],[Not Available],[Not Available],[Not Available],[Not Available],[Not Available],[Not Available],[Not Available],[Not Available],[Not Available],[Not Available],[Not Available],[Not Available],[Not Available],[Not Available],[Not Available],[Not Available],[Not Available],[Not Available],[Not Available],[Not Available],[Not Available],[Not Available],[Not Available],Left Upper Inner Quadrant,[Not Applicable],[Not Applicable],[Not Available],[Not Applicable],0,[Not Available],[Not Available],[Not Available],[Not Applicable],Infiltrating Ductal Carcinoma,C50.9,8500/3,C50.9,YES,[Not Available],[Not Available],[Not Applicable],[Not Available],BH,Breast,0:LIVING,23.92,0:DiseaseFree,23.92,TCGA-BH-A0W3
da9c10ea-c13f-4d88-8b94-a0cbc106d036,TCGA-BH-A0W5,TCGA-BH-A0W5,77c41662-2141-474f-9799-97fb74401162/TCGA-BH-A0W5-01Z-00-DX1.84EA3913-667B-4694-A0F0-E629CAC615C8.svs,TCGA-BH-A0W5-01Z-00-DX1.84EA3913-667B-4694-A0F0-E629CAC615C8_mask.tiff,2/15/11,NO,YES,Female,[Not Available],WHITE,NOT HISPANIC OR LATINO,No,No,TUMOR FREE,[Not Available],[Not Available],[Not Applicable],2008,77,Core needle biopsy,[Not Applicable],Other,segmental mastectomy,Negative,[Not Available],[Not Applicable],[Not Available],Sentinel lymph node biopsy plus axillary dissection,[Not Available],[Not Available],[Not Available],11,1,1,6th,T1c,N1a,M0,Stage IIA,[Not Available],[Not Available],Positive,[Not Available],[Not Available],[Not Available],[Not Available],[Not Available],Positive,[Not Available],[Not Available],[Not Available],[Not Available],[Not Available],Equivocal,[Not Available],[Not Available],[Not Available],[Not Available],Equivocal,[Not Available],[Not Available],[Not Available],[Not Available],[Not Available],[Not Available],[Not Available],[Not Available],[Not Available],[Not Available],[Not Available],[Not Available],[Not Available],[Not Available],[Not Available],[Not Available],[Not Available],[Not Available],[Not Available],[Not Available],[Not Available],[Not Available],[Not Available],[Not Available],[Not Available],[Not Available],[Not Available],[Not Available],[Not Available],Left,[Not Applicable],[Not Applicable],[Not Available],[Not Applicable],0,[Not Available],[Not Available],[Not Available],[Not Applicable],Infiltrating Ductal Carcinoma,C50.9,8500/3,C50.9,YES,[Not Available],[Not Available],[Not Applicable],[Not Available],BH,Breast,0:LIVING,42.31,0:DiseaseFree,42.31,TCGA-BH-A0W5
bfd49783-1767-469b-9d79-7822301c5efc,TCGA-BH-A18F,TCGA-BH-A18F,a5e25681-8800-4d3d-a202-35d2216175c6/TCGA-BH-A18F-01Z-00-DX1.81A81589-2D77-4CD6-BD34-76E292AA031D.svs,TCGA-BH-A18F-01Z-00-DX1.81A81589-2D77-4CD6-BD34-76E292AA031D_mask.tiff,2011-01-06 00:00:00,NO,YES,Female,Peri (6-12 months since last menstrual period),WHITE,NOT HISPANIC OR LATINO,No,No,TUMOR FREE,[Not Available],[Not Available],[Not Applicable],2010,50,Core needle biopsy,[Not Applicable],Other,needle localized segmental mastectomy,Negative,[Not Available],[Not Applicable],[Not Available],Sentinel node biopsy alone,[Not Available],[Not Available],YES,1,0,[Not Available],7th,T2,N0,M0,Stage IIA,[Not Available],[Not Available],Positive,70-79%,3 Point Scale,3,[Not Available],[Not Available],Positive,40-49%,3 Point Scale,3+,[Not Available],[Not Available],Negative,[Not Available],[Not Available],[Not Available],[Not Available],[Not Available],[Not Available],[Not Available],[Not Available],[Not Available],[Not Available],[Not Available],[Not Available],[Not Available],[Not Available],[Not Available],[Not Available],[Not Available],[Not Available],[Not Available],[Not Available],[Not Available],[Not Available],[Not Available],[Not Available],[Not Available],[Not Available],[Not Available],[Not Available],[Not Available],[Not Available],[Not Available],[Not Available],[Not Available],[Not Available],Right Lower Outer Quadrant,[Not Applicable],[Not Applicable],[Not Available],[Not Applicable],0,[Not Available],[Not Available],[Not Available],[Not Applicable],Infiltrating Ductal Carcinoma,C50.9,8500/3,C50.9,YES,[Not Available],[Not Available],[Not Applicable],[Not Available],BH,Breast,0:LIVING,32.88,0:DiseaseFree,32.88,TCGA-BH-A18F
878f975b-94fd-4d69-b7e7-1ed3ac2ee438,TCGA-BH-A18H,TCGA-BH-A18H,b5fcf039-cf23-4df8-811e-048d9d4fa9d6/TCGA-BH-A18H-01Z-00-DX1.4EC9108F-04C2-4B28-BD74-97A414C9A536.svs,TCGA-BH-A18H-01Z-00-DX1.4EC9108F-04C2-4B28-BD74-97A414C9A536_mask.tiff,2011-06-06 00:00:00,NO,YES,Female,Post (prior bilateral ovariectomy OR >12 mo since LMP with no prior hysterectomy),WHITE,NOT HISPANIC OR LATINO,Yes,No,[Not Available],[Not Available],[Not Available],[Not Applicable],2010,63,Core needle biopsy,[Not Applicable],Other,segmental mastectomy,Negative,[Not Available],[Not Applicable],[Not Available],Sentinel lymph node biopsy plus axillary dissection,[Not Available],YES,YES,2,0,[Not Available],7th,T1b,N0,M0,Stage IA,[Not Available],[Not Available],Positive,[Not Available],[Not Available],[Not Available],[Not Available],[Not Available],Positive,[Not Available],[Not Available],[Not Available],[Not Available],[Not Available],Positive,[Not Available],[Not Available],[Not Available],[Not Available],Equivocal,[Not Available],[Not Available],[Not Available],[Not Available],[Not Available],[Not Available],[Not Available],[Not Available],[Not Available],[Not Available],[Not Available],[Not Available],[Not Available],[Not Available],[Not Available],[Not Available],[Not Available],[Not Available],[Not Available],[Not Available],[Not Available],[Not Available],[Not Available],[Not Available],[Not Available],[Not Available],[Not Available],[Not Available],[Not Available],Right Upper Outer Quadrant,[Not Applicable],[Not Applicable],[Not Available],[Not Applicable],0,[Not Available],[Not Available],[Not Available],[Not Applicable],Infiltrating Ductal Carcinoma,C50.9,8500/3,C50.9,YES,[Not Available],[Not Available],[Not Applicable],[Not Available],BH,Breast,0:LIVING,21.42,0:DiseaseFree,21.42,TCGA-BH-A18H
9c1ceb7d-6fed-4c2f-a89a-bf3c5b15ca58,TCGA-BH-A18I,TCGA-BH-A18I,,TCGA-BH-A18I-01Z-00-DX1.EE699DE3-EBF4-4AB4-8319-9911F027FA18_mask.tiff,2011-07-06 00:00:00,NO,YES,Female,Post (prior bilateral ovariectomy OR >12 mo since LMP with no prior hysterectomy),WHITE,NOT HISPANIC OR LATINO,No,No,TUMOR FREE,[Not Available],[Not Available],[Not Applicable],2010,53,Core needle biopsy,[Not Applicable],Other,segmental mastectomy,Positive,Modified radical mastectomy,[Not Applicable],Negative,Sentinel node biopsy alone,[Not Available],[Not Available],YES,3,1,1,7th,T1c,N1a,cM0 (i+),Stage IIA,[Not Available],[Not Available],Positive,[Not Available],[Not Available],[Not Available],H score,[Not Available],Positive,[Not Available],[Not Available],[Not Available],H score,[Not Available],Positive,[Not Available],[Not Available],[Not Available],[Not Available],[Not Available],[Not Available],[Not Available],[Not Available],[Not Available],[Not Available],[Not Available],[Not Available],[Not Available],[Not Available],[Not Available],[Not Available],[Not Available],[Not Available],[Not Available],[Not Available],[Not Available],[Not Available],[Not Available],[Not Available],[Not Available],[Not Available],[Not Available],[Not Available],[Not Available],[Not Available],[Not Available],[Not Available],[Not Available],[Not Available],Left Upper Outer Quadrant,[Not Applicable],[Not Applicable],[Not Available],[Not Applicable],0,[Not Available],[Not Available],[Not Available],[Not Applicable],Infiltrating Ductal Carcinoma,C50.2,8500/3,C50.2,YES,[Not Available],[Not Available],[Not Applicable],[Not Available],BH,Breast,0:LIVING,35.91,0:DiseaseFree,35.91,TCGA-BH-A18I
3bf81a9f-abb4-4495-a514-fd3865e13a03,TCGA-BH-A201,TCGA-BH-A201,e70c89a5-1c2f-43f8-b6be-589beea55338/TCGA-BH-A201-01Z-00-DX1.6D6E3224-50A0-45A2-B231-EEF27CA7EFD2.svs,TCGA-BH-A201-01Z-00-DX1.6D6E3224-50A0-45A2-B231-EEF27CA7EFD2_mask.tiff,2011-08-09 00:00:00,NO,YES,Female,Post (prior bilateral ovariectomy OR >12 mo since LMP with no prior hysterectomy),WHITE,NOT HISPANIC OR LATINO,No,No,TUMOR FREE,[Not Available],[Not Available],[Not Applicable],2011,64,Core needle biopsy,[Not Applicable],Other,segmental mastectomy with sentinel lymph node biopsy and wire localization,[Not Available],[Not Available],[Not Applicable],[Not Available],[Not Available],[Not Available],[Not Available],YES,2,0,[Not Available],7th,T1,N0,M0,Stage IA,[Not Available],[Not Available],Positive,[Not Available],[Not Available],[Not Available],[Not Available],[Not Available],Positive,[Not Available],[Not Available],[Not Available],[Not Available],[Not Available],Negative,[Not Available],[Not Available],[Not Available],[Not Available],[Not Available],[Not Available],[Not Available],[Not Available],[Not Available],[Not Available],[Not Available],[Not Available],[Not Available],[Not Available],[Not Available],[Not Available],[Not Available],[Not Available],[Not Available],[Not Available],[Not Available],[Not Available],[Not Available],[Not Available],[Not Available],[Not Available],[Not Available],[Not Available],[Not Available],[Not Available],[Not Available],[Not Available],[Not Available],[Not Available],Left,[Not Applicable],[Not Applicable],[Not Available],[Not Applicable],0,[Not Available],[Not Available],[Not Available],[Not Applicable],Infiltrating Ductal Carcinoma,C50.9,8500/3,C50.9,YES,[Not Available],[Not Available],[Not Applicable],[Not Available],BH,Breast,0:LIVING,28.12,0:DiseaseFree,28.12,TCGA-BH-A201
e7a00d67-2c26-4d1f-bd17-35f659e88bc1,TCGA-BH-A202,TCGA-BH-A202,fb9961aa-e11f-4f75-bc5a-990e9302ae6e/TCGA-BH-A202-01Z-00-DX1.8CECDB74-5E6F-4CE8-B52C-A89E574F38FB.svs,TCGA-BH-A202-01Z-00-DX1.8CECDB74-5E6F-4CE8-B52C-A89E574F38FB_mask.tiff,2011-08-09 00:00:00,NO,YES,Female,Post (prior bilateral ovariectomy OR >12 mo since LMP with no prior hysterectomy),WHITE,NOT HISPANIC OR LATINO,No,No,[Not Available],[Not Available],[Not Available],[Not Applicable],2011,60,Core needle biopsy,[Not Applicable],Other,segmental mastectomy with sentinel lymph node biopsy,[Not Available],[Not Available],[Not Applicable],[Not Available],[Not Available],[Not Available],[Not Available],YES,4,0,[Not Available],6th,T2,N0,M0,Stage II,[Not Available],[Not Available],Positive,[Not Available],[Not Available],[Not Available],[Not Available],[Not Available],Positive,[Not Available],[Not Available],[Not Available],[Not Available],[Not Available],Positive,[Not Available],[Not Available],[Not Available],[Not Available],[Not Available],[Not Available],[Not Available],[Not Available],[Not Available],[Not Available],[Not Available],[Not Available],[Not Available],[Not Available],[Not Available],[Not Available],[Not Available],[Not Available],[Not Available],[Not Available],[Not Available],[Not Available],[Not Available],[Not Available],[Not Available],[Not Available],[Not Available],[Not Available],[Not Available],[Not Available],[Not Available],[Not Available],[Not Available],[Not Available],Left,[Not Applicable],[Not Applicable],[Not Available],[Not Applicable],0,[Not Available],[Not Available],[Not Available],[Not Applicable],Infiltrating Ductal Carcinoma,C50.9,8500/3,C50.9,YES,[Not Available],[Not Available],[Not Applicable],[Not Available],BH,Breast,0:LIVING,26.12,0:DiseaseFree,26.12,TCGA-BH-A202
32861b48-83f5-43a3-bb54-45215ad2c5d6,TCGA-BH-A28Q,TCGA-BH-A28Q,adf3d973-0cab-4983-bec9-d52f06a2fd52/TCGA-BH-A28Q-01Z-00-DX1.C6D1CA93-6B2A-4722-9270-5D56592D833D.svs,TCGA-BH-A28Q-01Z-00-DX1.C6D1CA93-6B2A-4722-9270-5D56592D833D_mask.tiff,9/29/11,NO,YES,Female,Pre (<6 months since LMP AND no prior bilateral ovariectomy AND not on estrogen replacement),WHITE,NOT HISPANIC OR LATINO,No,No,TUMOR FREE,[Not Available],[Not Available],[Not Applicable],2010,46,Fine needle aspiration biopsy,[Not Applicable],Modified Radical Mastectomy,[Not Available],[Not Available],[Not Available],[Not Applicable],[Not Available],[Not Available],[Not Available],[Not Available],YES,18,2,[Not Available],7th,T2,N1a,M0,Stage IIB,[Not Available],[Not Available],Positive,[Not Available],[Not Available],[Not Available],[Not Available],[Not Available],Positive,[Not Available],[Not Available],[Not Available],[Not Available],[Not Available],Negative,[Not Available],[Not Available],[Not Available],[Not Available],Indeterminate,[Not Available],[Not Available],[Not Available],[Not Available],[Not Available],[Not Available],[Not Available],[Not Available],[Not Available],[Not Available],[Not Available],[Not Available],[Not Available],[Not Available],[Not Available],[Not Available],[Not Available],[Not Available],[Not Available],[Not Available],[Not Available],[Not Available],[Not Available],[Not Available],[Not Available],[Not Available],[Not Available],[Not Available],[Not Available],Right,[Not Applicable],[Not Applicable],[Not Available],[Not Applicable],0,[Not Available],[Not Available],[Not Available],[Not Applicable],Infiltrating Lobular Carcinoma,C50.9,8520/3,C50.9,YES,[Not Available],[Not Available],[Not Applicable],[Not Available],BH,Breast,0:LIVING,36.76,0:DiseaseFree,36.76,TCGA-BH-A28Q
4f04bd10-9902-4a23-b15d-4f4409d79499,TCGA-E2-A108,TCGA-E2-A108,f6f7b32b-33e4-462a-9f83-2a3f74a6302a/TCGA-E2-A108-01Z-00-DX1.B110ED43-08A4-476A-A658-1CA75F7C0DDE.svs,TCGA-E2-A108-01Z-00-DX1.B110ED43-08A4-476A-A658-1CA75F7C0DDE_mask.tiff,2011-11-02 00:00:00,NO,YES,Female,Post (prior bilateral ovariectomy OR >12 mo since LMP with no prior hysterectomy),WHITE,NOT HISPANIC OR LATINO,No,No,[Not Available],[Not Available],[Not Available],[Not Applicable],2009,64,Core needle biopsy,[Not Applicable],Lumpectomy,[Not Available],Negative,[Not Available],[Not Applicable],[Not Available],[Not Available],[Not Available],[Not Available],[Not Available],27,4,[Not Available],6th,T2,N2a,M0,Stage IIIA,[Not Available],[Not Available],Positive,[Not Available],[Not Available],[Not Available],Allred score 7 (per outside facility),Allred score 7 (outside facility),Positive,[Not Available],[Not Available],[Not Available],Allred score 7 per outside facility report,Allred score 7 per outside facility report,Negative,[Not Available],1,[Not Available],[Not Available],[Not Available],[Not Available],[Not Available],[Not Available],[Not Available],[Not Available],[Not Available],[Not Available],[Not Available],[Not Available],[Not Available],[Not Available],[Not Available],[Not Available],[Not Available],[Not Available],[Not Available],[Not Available],[Not Available],[Not Available],[Not Available],[Not Available],[Not Available],[Not Available],[Not Available],[Not Available],[Not Available],[Not Available],[Not Available],[Not Available],Right Upper Outer Quadrant,[Not Applicable],[Not Applicable],[Not Available],[Not Applicable],0,[Not Available],[Not Available],[Not Available],[Not Applicable],Infiltrating Ductal Carcinoma,C50.9,8500/3,C50.9,YES,[Not Available],[Not Available],[Not Applicable],[Not Available],E2,Breast,0:LIVING,27.5,0:DiseaseFree,27.5,TCGA-E2-A108
f0787165-6f58-4d67-b510-928eea2c4882,TCGA-E2-A109,TCGA-E2-A109,cce52fce-a092-4c66-af4e-a19cace6e154/TCGA-E2-A109-01Z-00-DX1.FCF5E9FC-F9FE-4F5F-96DD-5628E2609BEF.svs,TCGA-E2-A109-01Z-00-DX1.FCF5E9FC-F9FE-4F5F-96DD-5628E2609BEF_mask.tiff,2011-11-02 00:00:00,NO,YES,Female,Post (prior bilateral ovariectomy OR >12 mo since LMP with no prior hysterectomy),WHITE,NOT HISPANIC OR LATINO,No,No,[Not Available],[Not Available],[Not Available],[Not Applicable],2007,64,Core needle biopsy,[Not Applicable],Simple Mastectomy,[Not Available],Negative,[Not Available],[Not Applicable],[Not Available],Sentinel node biopsy alone,[Not Available],NO,[Not Available],6,0,[Not Available],6th,T2,N0 (i-),M0,Stage IIA,[Not Available],[Not Available],Positive,[Not Available],[Not Available],[Not Available],Allred score 8,Allred score 5+3=8,Negative,[Not Available],[Not Available],[Not Available],Allred score 0,Allred score 0+0=0,Equivocal,50-59%,2,[Not Available],[Not Available],Negative,[Not Available],[Not Available],[Not Available],1.46,[Not Available],[Not Available],[Not Available],[Not Available],[Not Available],[Not Available],[Not Available],[Not Available],[Not Available],[Not Available],[Not Available],[Not Available],[Not Available],[Not Available],[Not Available],[Not Available],[Not Available],[Not Available],[Not Available],[Not Available],[Not Available],[Not Available],[Not Available],[Not Available],[Not Available],Right Upper Outer Quadrant,[Not Applicable],[Not Applicable],[Not Available],[Not Applicable],0,[Not Available],[Not Available],[Not Available],[Not Applicable],Infiltrating Ductal Carcinoma,C50.9,8500/3,C50.9,YES,[Not Available],[Not Available],[Not Applicable],[Not Available],E2,Breast,0:LIVING,46.55,0:DiseaseFree,46.55,TCGA-E2-A109
8e159b50-8136-42d4-b9c7-d579a74e4931,TCGA-E2-A10F,TCGA-E2-A10F,a21bb798-238a-49a7-866c-4ef8e85eb3c4/TCGA-E2-A10F-01Z-00-DX1.18F9324C-A38F-478E-95DF-B8E172D0DD07.svs,TCGA-E2-A10F-01Z-00-DX1.18F9324C-A38F-478E-95DF-B8E172D0DD07_mask.tiff,2011-11-02 00:00:00,NO,YES,Female,Pre (<6 months since LMP AND no prior bilateral ovariectomy AND not on estrogen replacement),WHITE,NOT HISPANIC OR LATINO,No,No,TUMOR FREE,[Not Available],[Not Available],[Not Applicable],2008,47,Core needle biopsy,[Not Applicable],Lumpectomy,[Not Available],Negative,[Not Available],[Not Applicable],[Not Available],Sentinel node biopsy alone,[Not Available],NO,[Not Available],2,0,[Not Available],6th,T2,N0 (i-),M0,Stage IIA,[Not Available],[Not Available],Positive,[Not Available],[Not Available],[Not Available],Allred score 8,Allred score 5+3=8,Positive,[Not Available],[Not Available],[Not Available],Allred score 8,Allred score 5+3=8,Equivocal,20-29%,2,[Not Available],[Not Available],Negative,[Not Available],[Not Available],[Not Available],1.05,[Not Available],[Not Available],[Not Available],[Not Available],[Not Available],[Not Available],[Not Available],[Not Available],[Not Available],[Not Available],[Not Available],[Not Available],[Not Available],[Not Available],[Not Available],[Not Available],[Not Available],[Not Available],[Not Available],[Not Available],[Not Available],[Not Available],[Not Available],[Not Available],[Not Available],Left Upper Outer Quadrant,[Not Applicable],[Not Applicable],[Not Available],[Not Applicable],0,[Not Available],[Not Available],[Not Available],[Not Applicable],Infiltrating Lobular Carcinoma,C50.9,8520/3,C50.9,YES,[Not Available],[Not Available],[Not Applicable],[Not Available],E2,Breast,0:LIVING,28.84,0:DiseaseFree,28.84,TCGA-E2-A10F
e4fc0909-f284-4471-866d-d8967b6adcbc,TCGA-E2-A14P,TCGA-E2-A14P,4730b23e-aea1-49a2-ba63-2231fd88b592/TCGA-E2-A14P-01Z-00-DX1.663B02FF-C64B-41A6-8685-FD61CD76F9C6.svs,TCGA-E2-A14P-01Z-00-DX1.663B02FF-C64B-41A6-8685-FD61CD76F9C6_mask.tiff,3/31/11,NO,YES,Female,Post (prior bilateral ovariectomy OR >12 mo since LMP with no prior hysterectomy),WHITE,NOT HISPANIC OR LATINO,No,No,TUMOR FREE,[Not Available],[Not Available],[Not Applicable],2008,79,Tumor resection,[Not Applicable],Lumpectomy,[Not Available],Negative,[Not Available],[Not Applicable],[Not Available],Axillary lymph node dissection alone,[Not Available],NO,YES,24,10,[Not Available],6th,T2,N3,M0,Stage IIIC,[Not Available],[Not Available],Negative,[Not Available],[Not Available],[Not Available],Allred score = 0,Allred score 0+0 = 0,Negative,[Not Available],[Not Available],[Not Available],Allred score = 0,Allred score 0+0 = 0,Positive,90-99%,3,[Not Available],[Not Available],[Not Available],[Not Available],[Not Available],[Not Available],[Not Available],[Not Available],[Not Available],[Not Available],[Not Available],[Not Available],[Not Available],[Not Available],[Not Available],[Not Available],[Not Available],[Not Available],[Not Available],[Not Available],[Not Available],[Not Available],[Not Available],[Not Available],[Not Available],[Not Available],[Not Available],[Not Available],[Not Available],[Not Available],[Not Available],[Not Available],Right Upper Outer Quadrant,[Not Applicable],[Not Applicable],[Not Available],[Not Applicable],0,[Not Available],[Not Available],[Not Available],[Not Applicable],Infiltrating Ductal Carcinoma,C50.9,8500/3,C50.9,YES,NO,[Not Available],[Not Applicable],[Not Available],E2,Breast,0:LIVING,40.93,0:DiseaseFree,40.93,TCGA-E2-A14P
c2b104ee-f914-4e79-9e1b-56bf88157472,TCGA-E2-A14S,TCGA-E2-A14S,7b8b69cd-5e94-46f6-9732-39ea204d680b/TCGA-E2-A14S-01Z-00-DX1.5C332E99-7296-473A-9917-7EFC38A8251D.svs,TCGA-E2-A14S-01Z-00-DX1.5C332E99-7296-473A-9917-7EFC38A8251D_mask.tiff,2011-06-04 00:00:00,NO,YES,Female,Post (prior bilateral ovariectomy OR >12 mo since LMP with no prior hysterectomy),WHITE,NOT HISPANIC OR LATINO,No,No,TUMOR FREE,[Not Available],[Not Available],[Not Applicable],2008,65,Tumor resection,[Not Applicable],Lumpectomy,[Not Available],Negative,[Not Available],[Not Applicable],[Not Available],Sentinel node biopsy alone,[Not Available],NO,YES,2,0,[Not Available],6th,T1c,N0,M0,Stage I,[Not Available],[Not Available],Positive,[Not Available],[Not Available],[Not Available],Allred score = 8,Allred score 5+3 = 8,Positive,[Not Available],[Not Available],[Not Available],Allred score = 7,Allred score 4+3 = 7,Equivocal,[Not Available],2,[Not Available],[Not Available],Negative,[Not Available],[Not Available],[Not Available],1.04,[Not Available],[Not Available],[Not Available],[Not Available],[Not Available],[Not Available],[Not Available],[Not Available],[Not Available],[Not Available],[Not Available],[Not Available],[Not Available],[Not Available],[Not Available],[Not Available],[Not Available],[Not Available],[Not Available],[Not Available],[Not Available],[Not Available],[Not Available],[Not Available],[Not Available],Left Lower Outer Quadrant,[Not Applicable],[Not Applicable],[Not Available],[Not Applicable],0,[Not Available],[Not Available],[Not Available],[Not Applicable],Infiltrating Ductal Carcinoma,C50.9,8500/3,C50.9,YES,NO,[Not Available],[Not Applicable],[Not Available],E2,Breast,0:LIVING,33.15,0:DiseaseFree,33.15,TCGA-E2-A14S
e0929c47-cff3-4518-a188-8764af01073a,TCGA-E2-A14T,TCGA-E2-A14T,f1b21fac-b36b-4fd4-b18f-b29337df4ce4/TCGA-E2-A14T-01Z-00-DX1.61B4C988-6D75-447B-A5F4-9DE92CEACC9F.svs,TCGA-E2-A14T-01Z-00-DX1.61B4C988-6D75-447B-A5F4-9DE92CEACC9F_mask.tiff,2011-06-04 00:00:00,NO,YES,Female,Post (prior bilateral ovariectomy OR >12 mo since LMP with no prior hysterectomy),WHITE,NOT HISPANIC OR LATINO,No,No,TUMOR FREE,[Not Available],[Not Available],[Not Applicable],2008,52,Tumor resection,[Not Applicable],Simple Mastectomy,[Not Available],Negative,[Not Available],[Not Applicable],[Not Available],Sentinel node biopsy alone,[Not Available],NO,YES,7,0,[Not Available],6th,T2,N0,M0,Stage IIA,[Not Available],[Not Available],Positive,[Not Available],[Not Available],[Not Available],Allred score = 8,Allred score 5+3 = 8,Positive,[Not Available],[Not Available],[Not Available],Allred score = 4,Allred score 2+2 = 4,Negative,[Not Available],1,[Not Available],[Not Available],Negative,[Not Available],[Not Available],[Not Available],1.29,[Not Available],[Not Available],[Not Available],[Not Available],[Not Available],[Not Available],[Not Available],[Not Available],[Not Available],[Not Available],[Not Available],[Not Available],[Not Available],[Not Available],[Not Available],[Not Available],[Not Available],[Not Available],[Not Available],[Not Available],[Not Available],[Not Available],[Not Available],[Not Available],[Not Available],Left Upper Inner Quadrant,[Not Applicable],[Not Applicable],[Not Available],[Not Applicable],0,[Not Available],[Not Available],[Not Available],[Not Applicable],Infiltrating Ductal Carcinoma,C50.9,8500/3,C50.9,YES,NO,[Not Available],[Not Applicable],[Not Available],E2,Breast,0:LIVING,75.92,0:DiseaseFree,75.92,TCGA-E2-A14T
3144f1fb-4342-4079-bfe8-940da4bfd88e,TCGA-E2-A14V,TCGA-E2-A14V,892d9412-79c7-4a2f-b35c-6b654a62eb02/TCGA-E2-A14V-01Z-00-DX1.D6274B5E-644C-478C-817F-B8BB9262D6F4.svs,TCGA-E2-A14V-01Z-00-DX1.D6274B5E-644C-478C-817F-B8BB9262D6F4_mask.tiff,2011-06-04 00:00:00,NO,YES,Female,Post (prior bilateral ovariectomy OR >12 mo since LMP with no prior hysterectomy),WHITE,NOT HISPANIC OR LATINO,No,No,TUMOR FREE,[Not Available],[Not Available],[Not Applicable],2008,53,Tumor resection,[Not Applicable],Lumpectomy,[Not Available],Negative,[Not Available],[Not Applicable],[Not Available],Sentinel lymph node biopsy plus axillary dissection,[Not Available],NO,YES,24,3,[Not Available],6th,T2,N1,M0,Stage IIB,[Not Available],[Not Available],Positive,[Not Available],3 Point Scale,[Not Available],[Not Available],[Not Available],Positive,[Not Available],3 Point Scale,[Not Available],[Not Available],[Not Available],Positive,90-99%,3,[Not Available],[Not Available],[Not Available],[Not Available],[Not Available],[Not Available],[Not Available],[Not Available],[Not Available],[Not Available],[Not Available],[Not Available],[Not Available],[Not Available],[Not Available],[Not Available],[Not Available],[Not Available],[Not Available],[Not Available],[Not Available],[Not Available],[Not Available],[Not Available],[Not Available],[Not Available],[Not Available],[Not Available],[Not Available],[Not Available],[Not Available],[Not Available],Left Lower Inner Quadrant,[Not Applicable],[Not Applicable],[Not Available],[Not Applicable],0,[Not Available],[Not Available],[Not Available],[Not Applicable],Infiltrating Ductal Carcinoma,C50.9,8500/3,C50.9,YES,NO,[Not Available],[Not Applicable],[Not Available],E2,Breast,0:LIVING,34.23,0:DiseaseFree,34.23,TCGA-E2-A14V
a0576d44-9add-429b-9eeb-f7b234b7385f,TCGA-E2-A14Y,TCGA-E2-A14Y,d953668b-4a60-4e7c-a001-0d74e0ad6e93/TCGA-E2-A14Y-01Z-00-DX1.804A22A3-FD8D-4C8A-A766-48D28434DE22.svs,TCGA-E2-A14Y-01Z-00-DX1.804A22A3-FD8D-4C8A-A766-48D28434DE22_mask.tiff,2011-06-04 00:00:00,NO,YES,Female,Pre (<6 months since LMP AND no prior bilateral ovariectomy AND not on estrogen replacement),WHITE,NOT HISPANIC OR LATINO,No,No,TUMOR FREE,[Not Available],[Not Available],[Not Applicable],2009,35,Tumor resection,[Not Applicable],Simple Mastectomy,[Not Available],Negative,[Not Available],[Not Applicable],[Not Available],Sentinel node biopsy alone,[Not Available],NO,YES,5,0,[Not Available],6th,T2,N0,M0,Stage IIA,[Not Available],[Not Available],Positive,[Not Available],[Not Available],[Not Available],[Not Available],[Not Available],Positive,[Not Available],[Not Available],[Not Available],[Not Available],[Not Available],Equivocal,[Not Available],2,[Not Available],[Not Available],Positive,[Not Available],[Not Available],[Not Available],[Not Available],[Not Available],[Not Available],[Not Available],[Not Available],[Not Available],[Not Available],[Not Available],[Not Available],[Not Available],[Not Available],[Not Available],[Not Available],[Not Available],[Not Available],[Not Available],[Not Available],[Not Available],[Not Available],[Not Available],[Not Available],[Not Available],[Not Available],[Not Available],[Not Available],[Not Available],Right,[Not Applicable],[Not Applicable],[Not Available],[Not Applicable],0,[Not Available],[Not Available],[Not Available],[Not Applicable],Infiltrating Ductal Carcinoma,C50.9,8500/3,C50.9,YES,NO,[Not Available],[Not Applicable],[Not Available],E2,Breast,0:LIVING,69.28,0:DiseaseFree,69.28,TCGA-E2-A14Y
4ac693e9-10f3-46b3-9d46-df3af7b0d259,TCGA-E2-A150,TCGA-E2-A150,8b523360-eac2-4e93-aa58-5f109bbb6820/TCGA-E2-A150-01Z-00-DX1.55643D23-83E6-4058-8EA5-18AAA8547839.svs,TCGA-E2-A150-01Z-00-DX1.55643D23-83E6-4058-8EA5-18AAA8547839_mask.tiff,2011-06-04 00:00:00,NO,YES,Female,Post (prior bilateral ovariectomy OR >12 mo since LMP with no prior hysterectomy),WHITE,NOT HISPANIC OR LATINO,No,No,TUMOR FREE,[Not Available],[Not Available],[Not Applicable],2009,48,Tumor resection,[Not Applicable],Lumpectomy,[Not Available],Negative,[Not Available],[Not Applicable],[Not Available],Sentinel node biopsy alone,[Not Available],NO,YES,2,0,[Not Available],6th,T2,N0,M0,Stage IIA,[Not Available],[Not Available],Negative,[Not Available],[Not Available],[Not Available],Allred score = 0,Allred score 0+0 = 0,Negative,[Not Available],[Not Available],[Not Available],Allred score = 0,Allred score 0+0 = 0,Negative,[Not Available],[Not Available],[Not Available],[Not Available],[Not Available],[Not Available],[Not Available],[Not Available],[Not Available],[Not Available],[Not Available],[Not Available],[Not Available],[Not Available],[Not Available],[Not Available],[Not Available],[Not Available],[Not Available],[Not Available],[Not Available],[Not Available],[Not Available],[Not Available],[Not Available],[Not Available],[Not Available],[Not Available],[Not Available],[Not Available],[Not Available],[Not Available],[Not Available],[Not Available],Left Upper Outer Quadrant,[Not Applicable],[Not Applicable],[Not Available],[Not Applicable],0,[Not Available],[Not Available],[Not Available],[Not Applicable],Infiltrating Ductal Carcinoma,C50.9,8500/3,C50.9,YES,NO,[Not Available],[Not Applicable],[Not Available],E2,Breast,0:LIVING,63.57,0:DiseaseFree,63.57,TCGA-E2-A150
d7308344-5bab-4073-bb4f-4d8cd8d7bd17,TCGA-E2-A159,TCGA-E2-A159,a221cf48-592f-46db-b067-e3515a4262cb/TCGA-E2-A159-01Z-00-DX1.C8DC3356-CAE9-4E7A-AEFF-ABB4BE38192B.svs,TCGA-E2-A159-01Z-00-DX1.C8DC3356-CAE9-4E7A-AEFF-ABB4BE38192B_mask.tiff,2011-07-04 00:00:00,NO,YES,Female,Pre (<6 months since LMP AND no prior bilateral ovariectomy AND not on estrogen replacement),WHITE,NOT HISPANIC OR LATINO,No,No,TUMOR FREE,[Not Available],[Not Available],[Not Applicable],2009,50,Tumor resection,[Not Applicable],Lumpectomy,[Not Available],Negative,[Not Available],[Not Applicable],[Not Available],Sentinel node biopsy alone,[Not Available],NO,YES,4,0,[Not Available],6th,T2,N0,M0,Stage IIA,[Not Available],[Not Available],Negative,[Not Available],[Not Available],[Not Available],Allred score = 0,Allred score 0+0 = 0,Negative,[Not Available],[Not Available],[Not Available],Allred score = 0,Allred score 0+0 = 0,[Not Available],[Not Available],[Not Available],[Not Available],[Not Available],Negative,[Not Available],[Not Available],[Not Available],[Not Available],[Not Available],[Not Available],[Not Available],[Not Available],[Not Available],[Not Available],[Not Available],[Not Available],[Not Available],[Not Available],[Not Available],[Not Available],[Not Available],[Not Available],[Not Available],[Not Available],[Not Available],[Not Available],[Not Available],[Not Available],[Not Available],[Not Available],[Not Available],[Not Available],[Not Available],Left Lower Outer Quadrant,[Not Applicable],[Not Applicable],[Not Available],[Not Applicable],0,[Not Available],[Not Available],[Not Available],[Not Applicable],Infiltrating Ductal Carcinoma,C50.9,8500/3,C50.9,YES,NO,[Not Available],[Not Applicable],[Not Available],E2,Breast,0:LIVING,25.03,0:DiseaseFree,25.03,TCGA-E2-A159
73ccc949-01b7-48d3-a7c4-c4bcd261672a,TCGA-E2-A15A,TCGA-E2-A15A,95bcf26c-2f32-498a-a8c4-fa85fc78f89e/TCGA-E2-A15A-01Z-00-DX1.B9D22735-FE9F-46D9-84E6-0C71A1BF84D6.svs,TCGA-E2-A15A-01Z-00-DX1.B9D22735-FE9F-46D9-84E6-0C71A1BF84D6_mask.tiff,2011-07-04 00:00:00,NO,YES,Female,Pre (<6 months since LMP AND no prior bilateral ovariectomy AND not on estrogen replacement),WHITE,NOT HISPANIC OR LATINO,No,No,TUMOR FREE,[Not Available],[Not Available],[Not Applicable],2009,45,Tumor resection,[Not Applicable],Simple Mastectomy,[Not Available],Negative,[Not Available],[Not Applicable],[Not Available],Sentinel lymph node biopsy plus axillary dissection,[Not Available],NO,YES,19,13,[Not Available],6th,T2,N3a,M0,Stage IIIC,[Not Available],[Not Available],Positive,[Not Available],[Not Available],[Not Available],[Not Available],[Not Available],Positive,[Not Available],[Not Available],[Not Available],[Not Available],[Not Available],Negative,[Not Available],1,[Not Available],[Not Available],[Not Available],[Not Available],[Not Available],[Not Available],[Not Available],[Not Available],[Not Available],[Not Available],[Not Available],[Not Available],[Not Available],[Not Available],[Not Available],[Not Available],[Not Available],[Not Available],[Not Available],[Not Available],[Not Available],[Not Available],[Not Available],[Not Available],[Not Available],[Not Available],[Not Available],[Not Available],[Not Available],[Not Available],[Not Available],[Not Available],Left,[Not Applicable],[Not Applicable],[Not Available],[Not Applicable],0,[Not Available],[Not Available],[Not Available],[Not Applicable],Infiltrating Ductal Carcinoma,C50.9,8500/3,C50.9,YES,NO,[Not Available],[Not Applicable],[Not Available],E2,Breast,0:LIVING,23.32,0:DiseaseFree,23.32,TCGA-E2-A15A
0a2a3529-f645-4967-9a58-89ee20b8bb62,TCGA-E2-A15E,TCGA-E2-A15E,2af9ce8f-ade7-4b61-97dc-7d9a82680a95/TCGA-E2-A15E-06Z-00-DX1.D394A007-91A2-4445-9B4A-1629EE684A51.svs,,4/25/11,NO,YES,Female,Pre (<6 months since LMP AND no prior bilateral ovariectomy AND not on estrogen replacement),WHITE,NOT HISPANIC OR LATINO,No,No,TUMOR FREE,[Not Available],[Not Available],[Not Applicable],2009,40,Tumor resection,[Not Applicable],Lumpectomy,[Not Available],Negative,[Not Available],[Not Applicable],[Not Available],Sentinel lymph node biopsy plus axillary dissection,[Not Available],NO,YES,9,1,[Not Available],6th,T1c,N1a,M0,Stage IIA,[Not Available],[Not Available],Positive,[Not Available],[Not Available],[Not Available],Allred score = 8,Allred score 5+3 = 8,Positive,[Not Available],[Not Available],[Not Available],Allred score = 8,Allred score 5+3 = 8,[Not Available],[Not Available],[Not Available],[Not Available],[Not Available],Positive,[Not Available],[Not Available],[Not Available],[Not Available],[Not Available],[Not Available],[Not Available],[Not Available],[Not Available],[Not Available],[Not Available],[Not Available],[Not Available],[Not Available],[Not Available],[Not Available],[Not Available],[Not Available],[Not Available],[Not Available],[Not Available],[Not Available],[Not Available],[Not Available],[Not Available],[Not Available],[Not Available],[Not Available],[Not Available],Left,[Not Applicable],[Not Applicable],[Not Available],[Not Applicable],0,[Not Available],[Not Available],[Not Available],[Not Applicable],Infiltrating Ductal Carcinoma,C50.9,8500/3,C50.9,YES,NO,[Not Available],[Not Applicable],[Not Available],E2,Breast,0:LIVING,20.7,0:DiseaseFree,20.7,TCGA-E2-A15E
ec77a23d-84f5-47e4-bf2a-fa1c03baf3db,TCGA-E2-A15F,TCGA-E2-A15F,e067bf95-0f1e-4894-8772-1eb38bed4629/TCGA-E2-A15F-01Z-00-DX1.F022214A-3F0C-4DA4-A0EE-735D27480A45.svs,TCGA-E2-A15F-01Z-00-DX1.F022214A-3F0C-4DA4-A0EE-735D27480A45_mask.tiff,4/13/11,NO,YES,Female,Post (prior bilateral ovariectomy OR >12 mo since LMP with no prior hysterectomy),WHITE,NOT HISPANIC OR LATINO,No,No,TUMOR FREE,[Not Available],[Not Available],[Not Applicable],2009,64,Tumor resection,[Not Applicable],Lumpectomy,[Not Available],Negative,[Not Available],[Not Applicable],[Not Available],Sentinel node biopsy alone,[Not Available],NO,YES,3,0,[Not Available],6th,T1c,N0,M0,Stage I,[Not Available],[Not Available],Positive,90-99%,3 Point Scale,3,[Not Available],[Not Available],Positive,90-99%,3 Point Scale,3+,[Not Available],[Not Available],Negative,[Not Available],1,[Not Available],[Not Available],[Not Available],[Not Available],[Not Available],[Not Available],[Not Available],[Not Available],[Not Available],[Not Available],[Not Available],[Not Available],[Not Available],[Not Available],[Not Available],[Not Available],[Not Available],[Not Available],[Not Available],[Not Available],[Not Available],[Not Available],[Not Available],[Not Available],[Not Available],[Not Available],[Not Available],[Not Available],[Not Available],[Not Available],[Not Available],[Not Available],Left Upper Outer Quadrant,[Not Applicable],[Not Applicable],[Not Available],[Not Applicable],0,[Not Available],[Not Available],[Not Available],[Not Applicable],Infiltrating Ductal Carcinoma,C50.9,8500/3,C50.9,YES,NO,[Not Available],[Not Applicable],[Not Available],E2,Breast,0:LIVING,21.62,0:DiseaseFree,21.62,TCGA-E2-A15F
5580b21a-2cdb-4777-ad79-6e06654144f5,TCGA-E2-A15H,TCGA-E2-A15H,9062e57f-7498-4faf-b34e-b018176ee272/TCGA-E2-A15H-01Z-00-DX1.E3A9DFDC-204D-4F03-98D9-97BBBB74E840.svs,TCGA-E2-A15H-01Z-00-DX1.E3A9DFDC-204D-4F03-98D9-97BBBB74E840_mask.tiff,4/13/11,NO,YES,Female,Pre (<6 months since LMP AND no prior bilateral ovariectomy AND not on estrogen replacement),WHITE,NOT HISPANIC OR LATINO,No,No,TUMOR FREE,[Not Available],[Not Available],[Not Applicable],2009,38,Tumor resection,[Not Applicable],Lumpectomy,[Not Available],Negative,[Not Available],[Not Applicable],[Not Available],Sentinel node biopsy alone,[Not Available],NO,YES,4,1,[Not Available],6th,T1c,N1mi,M0,Stage IIA,[Not Available],[Not Available],Positive,[Not Available],[Not Available],[Not Available],Allred Score = 7,[Not Available],Positive,[Not Available],[Not Available],[Not Available],Allred score = 8,[Not Available],Equivocal,[Not Available],2,[Not Available],[Not Available],Positive,[Not Available],[Not Available],[Not Available],[Not Available],[Not Available],[Not Available],[Not Available],[Not Available],[Not Available],[Not Available],[Not Available],[Not Available],[Not Available],[Not Available],[Not Available],[Not Available],[Not Available],[Not Available],[Not Available],[Not Available],[Not Available],[Not Available],[Not Available],[Not Available],[Not Available],[Not Available],[Not Available],[Not Available],[Not Available],Right Upper Outer Quadrant,[Not Applicable],[Not Applicable],[Not Available],[Not Applicable],0,[Not Available],[Not Available],[Not Available],[Not Applicable],Infiltrating Ductal Carcinoma,C50.9,8500/3,C50.9,YES,NO,[Not Available],[Not Applicable],[Not Available],E2,Breast,0:LIVING,12.91,0:DiseaseFree,12.91,TCGA-E2-A15H
64089c20-939f-48b4-ae8b-904ad0597145,TCGA-E2-A15I,TCGA-E2-A15I,40ee35c1-83c1-4816-b56e-17dd70ea6591/TCGA-E2-A15I-01Z-00-DX1.DFF60A40-B03D-438F-A233-06132A213619.svs,,4/13/11,NO,YES,Female,Pre (<6 months since LMP AND no prior bilateral ovariectomy AND not on estrogen replacement),WHITE,NOT HISPANIC OR LATINO,No,No,TUMOR FREE,[Not Available],[Not Available],[Not Applicable],2009,44,Tumor resection,[Not Applicable],Simple Mastectomy,[Not Available],Negative,[Not Available],[Not Applicable],[Not Available],Sentinel node biopsy alone,[Not Available],NO,YES,4,0,[Not Available],6th,T2,N0,M0,Stage IIA,[Not Available],[Not Available],Positive,90-99%,3 Point Scale,[Not Available],[Not Available],[Not Available],Positive,90-99%,3 Point Scale,[Not Available],[Not Available],[Not Available],Equivocal,[Not Available],2,[Not Available],[Not Available],Negative,[Not Available],[Not Available],[Not Available],1.04,[Not Available],[Not Available],[Not Available],[Not Available],[Not Available],[Not Available],[Not Available],[Not Available],[Not Available],[Not Available],[Not Available],[Not Available],[Not Available],[Not Available],[Not Available],[Not Available],[Not Available],[Not Available],[Not Available],[Not Available],[Not Available],[Not Available],[Not Available],[Not Available],[Not Available],Left Upper Outer Quadrant|Left Lower Outer Quadrant,[Not Applicable],[Not Applicable],[Not Available],[Not Applicable],0,[Not Available],[Not Available],[Not Available],[Not Applicable],Infiltrating Ductal Carcinoma,C50.9,8500/3,C50.9,YES,NO,[Not Available],[Not Applicable],[Not Available],E2,Breast,0:LIVING,55.58,0:DiseaseFree,55.58,TCGA-E2-A15I
1fef9454-b3e8-4d9d-a9aa-aa1f1a32b80c,TCGA-E2-A15J,TCGA-E2-A15J,c9eda175-ef25-49f1-beb1-3a8cb99c1f37/TCGA-E2-A15J-01Z-00-DX1.BF7901D1-30B1-4A76-B0A5-E9B8B36EF4C9.svs,TCGA-E2-A15J-01Z-00-DX1.BF7901D1-30B1-4A76-B0A5-E9B8B36EF4C9_mask.tiff,4/13/11,NO,YES,Female,Pre (<6 months since LMP AND no prior bilateral ovariectomy AND not on estrogen replacement),WHITE,NOT HISPANIC OR LATINO,No,No,TUMOR FREE,[Not Available],[Not Available],[Not Applicable],2009,51,Tumor resection,[Not Applicable],Simple Mastectomy,[Not Available],Negative,[Not Available],[Not Applicable],[Not Available],Sentinel node biopsy alone,[Not Available],NO,YES,12,0,[Not Available],6th,T1c,N0,M0,Stage I,[Not Available],[Not Available],Positive,[Not Available],[Not Available],[Not Available],Allred score = 7,[Not Available],Positive,[Not Available],[Not Available],[Not Available],Allred score = 8,[Not Available],Equivocal,[Not Available],2,[Not Available],[Not Available],Negative,[Not Available],[Not Available],[Not Available],[Not Available],[Not Available],[Not Available],[Not Available],[Not Available],[Not Available],[Not Available],[Not Available],[Not Available],[Not Available],[Not Available],[Not Available],[Not Available],[Not Available],[Not Available],[Not Available],[Not Available],[Not Available],[Not Available],[Not Available],[Not Available],[Not Available],[Not Available],[Not Available],[Not Available],[Not Available],Left Upper Outer Quadrant,[Not Applicable],[Not Applicable],[Not Available],[Not Applicable],0,[Not Available],[Not Available],[Not Available],[Not Applicable],Infiltrating Ductal Carcinoma,C50.9,8500/3,C50.9,YES,NO,[Not Available],[Not Applicable],[Not Available],E2,Breast,0:LIVING,53.88,0:DiseaseFree,53.88,TCGA-E2-A15J
17c1d42c-cb84-4655-a4cd-b54bae17ecaf,TCGA-E2-A15K,TCGA-E2-A15K,96ce4bc0-f846-4a4a-b2a8-925ed5dd423e/TCGA-E2-A15K-01Z-00-DX1.9F424BE2-9BFE-4DFF-8CC9-10D2DADBBEA7.svs,TCGA-E2-A15K-01Z-00-DX1.9F424BE2-9BFE-4DFF-8CC9-10D2DADBBEA7_mask.tiff,4/13/11,NO,YES,Female,Post (prior bilateral ovariectomy OR >12 mo since LMP with no prior hysterectomy),WHITE,NOT HISPANIC OR LATINO,No,No,TUMOR FREE,[Not Available],[Not Available],[Not Applicable],2010,58,Tumor resection,[Not Applicable],Lumpectomy,[Not Available],Negative,[Not Available],[Not Applicable],[Not Available],Axillary lymph node dissection alone,[Not Available],NO,YES,17,2,[Not Available],7th,T2,N1a,M0,Stage IIB,[Not Available],[Not Available],Positive,[Not Available],[Not Available],[Not Available],Allred score = 8,Allred score 5+3 = 8,Positive,[Not Available],[Not Available],[Not Available],Allred score = 4,Allred score 2+2 = 4,Equivocal,10-19%,2,[Not Available],[Not Available],Negative,[Not Available],[Not Available],[Not Available],0.9,[Not Available],[Not Available],[Not Available],[Not Available],[Not Available],[Not Available],[Not Available],[Not Available],[Not Available],[Not Available],[Not Available],[Not Available],[Not Available],[Not Available],[Not Available],[Not Available],[Not Available],[Not Available],[Not Available],[Not Available],[Not Available],[Not Available],[Not Available],[Not Available],[Not Available],Right Upper Outer Quadrant,[Not Applicable],[Not Applicable],[Not Available],[Not Applicable],0,[Not Available],[Not Available],[Not Available],[Not Applicable],Infiltrating Ductal Carcinoma,C50.9,8500/3,C50.9,YES,NO,[Not Available],[Not Applicable],[Not Available],E2,Breast,0:LIVING,9.03,0:DiseaseFree,9.03,TCGA-E2-A15K
37242f5a-25ae-4b1f-9ce6-09ce1dc92539,TCGA-E2-A15L,TCGA-E2-A15L,d36d6dd0-648f-4ca6-8414-77d5c10b2cdf/TCGA-E2-A15L-01Z-00-DX1.626032DC-D396-48E7-B888-DFEBCF7102FF.svs,TCGA-E2-A15L-01Z-00-DX1.626032DC-D396-48E7-B888-DFEBCF7102FF_mask.tiff,4/13/11,NO,YES,Female,Post (prior bilateral ovariectomy OR >12 mo since LMP with no prior hysterectomy),BLACK OR AFRICAN AMERICAN,NOT HISPANIC OR LATINO,No,No,TUMOR FREE,[Not Available],[Not Available],[Not Applicable],2010,65,Tumor resection,[Not Applicable],Simple Mastectomy,[Not Available],Negative,[Not Available],[Not Applicable],[Not Available],Sentinel node biopsy alone,[Not Available],NO,YES,3,0,[Not Available],7th,T2,N0,M0,Stage IIA,[Not Available],[Not Available],Positive,[Not Available],[Not Available],[Not Available],Allred score = 8,Allred score 5+3 = 8,Positive,[Not Available],[Not Available],[Not Available],Allred score = 8,Allred score 5+3 = 8,Equivocal,30-39%,2,[Not Available],[Not Available],Negative,[Not Available],[Not Available],[Not Available],0.9,[Not Available],[Not Available],[Not Available],[Not Available],[Not Available],[Not Available],[Not Available],[Not Available],[Not Available],[Not Available],[Not Available],[Not Available],[Not Available],[Not Available],[Not Available],[Not Available],[Not Available],[Not Available],[Not Available],[Not Available],[Not Available],[Not Available],[Not Available],[Not Available],[Not Available],Right,[Not Applicable],[Not Applicable],[Not Available],[Not Applicable],0,[Not Available],[Not Available],[Not Available],[Not Applicable],Infiltrating Lobular Carcinoma,C50.9,8520/3,C50.9,YES,NO,[Not Available],[Not Applicable],[Not Available],E2,Breast,0:LIVING,20.57,0:DiseaseFree,20.57,TCGA-E2-A15L
59be60a3-e0f6-4d63-b98c-574ef92428c4,TCGA-E2-A15M,TCGA-E2-A15M,653800a2-0ece-43ff-92c9-31621affe3d3/TCGA-E2-A15M-01Z-00-DX1.6E4671E5-18EA-4464-BE7C-C94767136E5C.svs,TCGA-E2-A15M-01Z-00-DX1.6E4671E5-18EA-4464-BE7C-C94767136E5C_mask.tiff,4/14/11,NO,YES,Female,Post (prior bilateral ovariectomy OR >12 mo since LMP with no prior hysterectomy),WHITE,NOT HISPANIC OR LATINO,No,No,TUMOR FREE,[Not Available],[Not Available],[Not Applicable],2010,66,Tumor resection,[Not Applicable],Lumpectomy,[Not Available],Negative,[Not Available],[Not Applicable],[Not Available],Sentinel node biopsy alone,[Not Available],NO,YES,5,0,[Not Available],7th,T2,N0,M0,Stage IIA,[Not Available],[Not Available],Positive,[Not Available],[Not Available],[Not Available],Allred score = 8,[Not Available],Positive,[Not Available],[Not Available],[Not Available],Allred score = 8,[Not Available],Negative,[Not Available],[Not Available],[Not Available],[Not Available],[Not Available],[Not Available],[Not Available],[Not Available],[Not Available],[Not Available],[Not Available],[Not Available],[Not Available],[Not Available],[Not Available],[Not Available],[Not Available],[Not Available],[Not Available],[Not Available],[Not Available],[Not Available],[Not Available],[Not Available],[Not Available],[Not Available],[Not Available],[Not Available],[Not Available],[Not Available],[Not Available],[Not Available],[Not Available],[Not Available],Right Lower Outer Quadrant,[Not Applicable],[Not Applicable],[Not Available],[Not Applicable],0,[Not Available],[Not Available],[Not Available],[Not Applicable],Infiltrating Lobular Carcinoma,C50.9,8520/3,C50.9,YES,NO,[Not Available],[Not Applicable],[Not Available],E2,Breast,1:DECEASED,11.04,[Not Available],[Not Available],TCGA-E2-A15M
8a0ef221-8070-43fc-9d98-def90abe4871,TCGA-E2-A1B1,TCGA-E2-A1B1,7f34211f-c7b8-42d7-93ba-481546853af5/TCGA-E2-A1B1-01Z-00-DX1.7C8DF153-B09B-44C7-87B8-14591E319354.svs,TCGA-E2-A1B1-01Z-00-DX1.7C8DF153-B09B-44C7-87B8-14591E319354_mask.tiff,4/25/11,NO,YES,Female,Post (prior bilateral ovariectomy OR >12 mo since LMP with no prior hysterectomy),WHITE,NOT HISPANIC OR LATINO,No,No,TUMOR FREE,[Not Available],[Not Available],[Not Applicable],2007,45,Tumor resection,[Not Applicable],Lumpectomy,[Not Available],Negative,[Not Available],[Not Applicable],[Not Available],Sentinel node biopsy alone,[Not Available],NO,YES,6,1,[Not Available],6th,T2,N1,M0,Stage IIB,[Not Available],[Not Available],Positive,[Not Available],[Not Available],[Not Available],Allred score = 5,Allred score 3+2 = 5,Positive,[Not Available],[Not Available],[Not Available],Allred score = 4,Allred score 2+2 = 4,Equivocal,70-79%,2,[Not Available],[Not Available],Positive,[Not Available],[Not Available],[Not Available],15.12,[Not Available],[Not Available],[Not Available],[Not Available],[Not Available],[Not Available],[Not Available],[Not Available],[Not Available],[Not Available],[Not Available],[Not Available],[Not Available],[Not Available],[Not Available],[Not Available],[Not Available],[Not Available],[Not Available],[Not Available],[Not Available],[Not Available],[Not Available],[Not Available],[Not Available],Left Upper Outer Quadrant,[Not Applicable],[Not Applicable],[Not Available],[Not Applicable],0,[Not Available],[Not Available],[Not Available],[Not Applicable],Infiltrating Ductal Carcinoma,C50.9,8500/3,C50.9,YES,NO,[Not Available],[Not Applicable],[Not Available],E2,Breast,0:LIVING,87.16,0:DiseaseFree,87.16,TCGA-E2-A1B1
7241b3d4-31ee-4fd2-a4a5-35a9d5f37d6a,TCGA-E2-A1B5,TCGA-E2-A1B5,531d9a9e-8db6-4f21-966c-3fb2a3e476ea/TCGA-E2-A1B5-01Z-00-DX1.AB19FF3D-5C42-4D49-ABEA-D2315709B6EA.svs,TCGA-E2-A1B5-01Z-00-DX1.AB19FF3D-5C42-4D49-ABEA-D2315709B6EA_mask.tiff,4/25/11,NO,YES,Female,Pre (<6 months since LMP AND no prior bilateral ovariectomy AND not on estrogen replacement),WHITE,NOT HISPANIC OR LATINO,No,No,TUMOR FREE,[Not Available],[Not Available],[Not Applicable],2008,46,Tumor resection,[Not Applicable],Lumpectomy,[Not Available],Negative,[Not Available],[Not Applicable],[Not Available],Sentinel node biopsy alone,[Not Available],NO,YES,5,0,[Not Available],6th,T2,N0,M0,Stage IIA,[Not Available],[Not Available],Positive,[Not Available],[Not Available],[Not Available],Allred score = 8,Allred score 5+3 = 8,Positive,[Not Available],[Not Available],[Not Available],Allred score = 5,Allred score 2+3 = 5,Negative,<10%,[Not Available],[Not Available],[Not Available],[Not Available],[Not Available],[Not Available],[Not Available],[Not Available],[Not Available],[Not Available],[Not Available],[Not Available],[Not Available],[Not Available],[Not Available],[Not Available],[Not Available],[Not Available],[Not Available],[Not Available],[Not Available],[Not Available],[Not Available],[Not Available],[Not Available],[Not Available],[Not Available],[Not Available],[Not Available],[Not Available],[Not Available],[Not Available],[Not Available],Left,[Not Applicable],[Not Applicable],[Not Available],[Not Applicable],0,[Not Available],[Not Available],[Not Available],[Not Applicable],Infiltrating Lobular Carcinoma,C50.9,8520/3,C50.9,YES,NO,[Not Available],[Not Applicable],[Not Available],E2,Breast,0:LIVING,32.33,0:DiseaseFree,32.33,TCGA-E2-A1B5
e0b1bcd2-1139-44b9-98b3-67bcf92bcc39,TCGA-E2-A1B6,TCGA-E2-A1B6,e210b5e1-14a7-4b6f-b45b-ab2b8d3332e0/TCGA-E2-A1B6-01Z-00-DX1.8CD458BE-C4F9-4AF3-A927-18C042E9B4B7.svs,TCGA-E2-A1B6-01Z-00-DX1.8CD458BE-C4F9-4AF3-A927-18C042E9B4B7_mask.tiff,4/25/11,NO,YES,Female,Pre (<6 months since LMP AND no prior bilateral ovariectomy AND not on estrogen replacement),WHITE,NOT HISPANIC OR LATINO,No,No,TUMOR FREE,[Not Available],[Not Available],[Not Applicable],2008,44,Tumor resection,[Not Applicable],Simple Mastectomy,[Not Available],Negative,[Not Available],[Not Applicable],[Not Available],Sentinel node biopsy alone,[Not Available],NO,YES,5,0,[Not Available],6th,T2,N0,M0,Stage IIA,[Not Available],[Not Available],Negative,[Not Available],[Not Available],[Not Available],Allred score = 0,Allred score 0+0 = 0,Negative,[Not Available],[Not Available],[Not Available],Allred score = 0,Allred score 0+0 = 0,Equivocal,10-19%,2,[Not Available],[Not Available],Negative,[Not Available],[Not Available],[Not Available],1.03,[Not Available],[Not Available],[Not Available],[Not Available],[Not Available],[Not Available],[Not Available],[Not Available],[Not Available],[Not Available],[Not Available],[Not Available],[Not Available],[Not Available],[Not Available],[Not Available],[Not Available],[Not Available],[Not Available],[Not Available],[Not Available],[Not Available],[Not Available],[Not Available],[Not Available],Left,[Not Applicable],[Not Applicable],[Not Available],[Not Applicable],0,[Not Available],[Not Available],[Not Available],[Not Applicable],Infiltrating Ductal Carcinoma,C50.9,8500/3,C50.9,YES,NO,[Not Available],[Not Applicable],[Not Available],E2,Breast,0:LIVING,28.48,0:DiseaseFree,28.48,TCGA-E2-A1B6
2d0d7ff4-7866-4ae1-9cf1-a3c7f4cbe48d,TCGA-E2-A1IE,TCGA-E2-A1IE,a2b644da-0022-4b40-a34f-83f78b7accfa/TCGA-E2-A1IE-01Z-00-DX1.D6BF29A7-4FBD-4F7D-B093-991FA0F49FE8.svs,TCGA-E2-A1IE-01Z-00-DX1.D6BF29A7-4FBD-4F7D-B093-991FA0F49FE8_mask.tiff,4/26/11,NO,YES,Female,Post (prior bilateral ovariectomy OR >12 mo since LMP with no prior hysterectomy),WHITE,NOT HISPANIC OR LATINO,No,No,TUMOR FREE,[Not Available],[Not Available],[Not Applicable],2008,61,Tumor resection,[Not Applicable],Lumpectomy,[Not Available],Negative,[Not Available],[Not Applicable],[Not Available],Sentinel node biopsy alone,[Not Available],NO,YES,3,1,[Not Available],6th,T2,N1,M0,Stage IIB,[Not Available],[Not Available],Positive,[Not Available],[Not Available],[Not Available],allred score = 8,allred score 5 + 3 = 8,Positive,[Not Available],[Not Available],[Not Available],allred score = 6,allred score 3 + 3 = 6,Equivocal,20-29%,2,[Not Available],[Not Available],Negative,[Not Available],[Not Available],[Not Available],1.05,[Not Available],[Not Available],[Not Available],[Not Available],[Not Available],[Not Available],[Not Available],[Not Available],[Not Available],[Not Available],[Not Available],[Not Available],[Not Available],[Not Available],[Not Available],[Not Available],[Not Available],[Not Available],[Not Available],[Not Available],[Not Available],[Not Available],[Not Available],[Not Available],[Not Available],Right,[Not Applicable],[Not Applicable],[Not Available],[Not Applicable],0,[Not Available],[Not Available],[Not Available],[Not Applicable],Infiltrating Ductal Carcinoma,C50.9,8500/3,C50.9,YES,NO,[Not Available],[Not Applicable],[Not Available],E2,Breast,0:LIVING,77.6,1:Recurred/Progressed,59.46,TCGA-E2-A1IE
bc0bc70f-c6cf-4dbc-9dc3-8b7bc5f381a4,TCGA-E2-A1IG,TCGA-E2-A1IG,d813038d-b9e8-4af6-9578-626436be5d84/TCGA-E2-A1IG-01Z-00-DX1.C894EEA1-708A-4043-8C60-3BCA98AA751E.svs,TCGA-E2-A1IG-01Z-00-DX1.C894EEA1-708A-4043-8C60-3BCA98AA751E_mask.tiff,4/28/11,NO,YES,Female,Pre (<6 months since LMP AND no prior bilateral ovariectomy AND not on estrogen replacement),WHITE,NOT HISPANIC OR LATINO,No,No,TUMOR FREE,[Not Available],[Not Available],[Not Applicable],2009,45,Tumor resection,[Not Applicable],Simple Mastectomy,[Not Available],Negative,[Not Available],[Not Applicable],[Not Available],Sentinel node biopsy alone,[Not Available],NO,YES,3,1,[Not Available],6th,T2,N1mi,M0,Stage IIB,[Not Available],[Not Available],Positive,[Not Available],3 Point Scale,[Not Available],[Not Available],[Not Available],Positive,[Not Available],3 Point Scale,[Not Available],[Not Available],[Not Available],Negative,[Not Available],[Not Available],[Not Available],[Not Available],[Not Available],[Not Available],[Not Available],[Not Available],[Not Available],[Not Available],[Not Available],[Not Available],[Not Available],[Not Available],[Not Available],[Not Available],[Not Available],[Not Available],[Not Available],[Not Available],[Not Available],[Not Available],[Not Available],[Not Available],[Not Available],[Not Available],[Not Available],[Not Available],[Not Available],[Not Available],[Not Available],[Not Available],[Not Available],[Not Available],Right Upper Inner Quadrant,[Not Applicable],[Not Applicable],[Not Available],[Not Applicable],0,[Not Available],[Not Available],[Not Available],[Not Applicable],Infiltrating Ductal Carcinoma,C50.9,8500/3,C50.9,YES,NO,[Not Available],[Not Applicable],[Not Available],E2,Breast,0:LIVING,70.3,0:DiseaseFree,70.3,TCGA-E2-A1IG
0fe1419e-a005-407c-8ae7-15c4c1579539,TCGA-E2-A1II,TCGA-E2-A1II,f05745bd-4371-431a-bd78-69f62e69f524/TCGA-E2-A1II-01Z-00-DX1.7F782477-0F92-4C57-8735-A1E3F95A6B94.svs,TCGA-E2-A1II-01Z-00-DX1.7F782477-0F92-4C57-8735-A1E3F95A6B94_mask.tiff,4/28/11,NO,YES,Female,Post (prior bilateral ovariectomy OR >12 mo since LMP with no prior hysterectomy),WHITE,NOT HISPANIC OR LATINO,No,No,TUMOR FREE,[Not Available],[Not Available],[Not Applicable],2008,51,Tumor resection,[Not Applicable],Lumpectomy,[Not Available],Negative,[Not Available],[Not Applicable],[Not Available],Sentinel node biopsy alone,[Not Available],NO,YES,5,0,[Not Available],6th,T1c,N0,M0,Stage I,[Not Available],[Not Available],Negative,[Not Available],[Not Available],[Not Available],allred score = 0,allred score 0 + 0 = 0,Positive,[Not Available],[Not Available],[Not Available],allred score = 4,allred score 2+2 = 4,Negative,<10%,1,[Not Available],[Not Available],[Not Available],[Not Available],[Not Available],[Not Available],[Not Available],[Not Available],[Not Available],[Not Available],[Not Available],[Not Available],[Not Available],[Not Available],[Not Available],[Not Available],[Not Available],[Not Available],[Not Available],[Not Available],[Not Available],[Not Available],[Not Available],[Not Available],[Not Available],[Not Available],[Not Available],[Not Available],[Not Available],[Not Available],[Not Available],[Not Available],Left,[Not Applicable],[Not Applicable],[Not Available],[Not Applicable],0,[Not Available],[Not Available],[Not Available],[Not Applicable],Infiltrating Ductal Carcinoma,C50.9,8500/3,C50.9,YES,NO,[Not Available],[Not Applicable],[Not Available],E2,Breast,0:LIVING,33.67,0:DiseaseFree,33.67,TCGA-E2-A1II
b09643c2-ded5-4346-b3c5-90a48f88a02e,TCGA-E2-A1IJ,TCGA-E2-A1IJ,53b1ff90-c384-46a4-8f89-ec8f47b379e0/TCGA-E2-A1IJ-01Z-00-DX1.00093877-7B01-42D3-857C-987BC1F604A3.svs,TCGA-E2-A1IJ-01Z-00-DX1.00093877-7B01-42D3-857C-987BC1F604A3_mask.tiff,4/29/11,NO,YES,Female,Post (prior bilateral ovariectomy OR >12 mo since LMP with no prior hysterectomy),WHITE,NOT HISPANIC OR LATINO,No,No,TUMOR FREE,[Not Available],[Not Available],[Not Applicable],2009,57,Tumor resection,[Not Applicable],Lumpectomy,[Not Available],Negative,[Not Available],[Not Applicable],[Not Available],Sentinel node biopsy alone,[Not Available],NO,YES,3,0,[Not Available],6th,T1c,N0,M0,Stage I,[Not Available],[Not Available],Positive,90-99%,3 Point Scale,[Not Available],[Not Available],[Not Available],Positive,90-99%,3 Point Scale,[Not Available],[Not Available],[Not Available],Equivocal,[Not Available],2,[Not Available],[Not Available],Negative,[Not Available],[Not Available],[Not Available],1.2,[Not Available],[Not Available],[Not Available],[Not Available],[Not Available],[Not Available],[Not Available],[Not Available],[Not Available],[Not Available],[Not Available],[Not Available],[Not Available],[Not Available],[Not Available],[Not Available],[Not Available],[Not Available],[Not Available],[Not Available],[Not Available],[Not Available],[Not Available],[Not Available],[Not Available],Right Upper Outer Quadrant,[Not Applicable],[Not Applicable],[Not Available],[Not Applicable],0,[Not Available],[Not Available],[Not Available],[Not Applicable],Infiltrating Lobular Carcinoma,C50.9,8520/3,C50.9,YES,NO,[Not Available],[Not Applicable],[Not Available],E2,Breast,0:LIVING,28.42,0:DiseaseFree,28.42,TCGA-E2-A1IJ
becedbfd-b2aa-4dde-b7f4-29e6f59ec32c,TCGA-E2-A1IK,TCGA-E2-A1IK,43f01a08-d111-43fb-809e-862f26e6ce8d/TCGA-E2-A1IK-01Z-00-DX1.25C554BB-AA90-4FF4-9D68-EEC899B8A27D.svs,TCGA-E2-A1IK-01Z-00-DX1.25C554BB-AA90-4FF4-9D68-EEC899B8A27D_mask.tiff,5/17/11,NO,YES,Female,Post (prior bilateral ovariectomy OR >12 mo since LMP with no prior hysterectomy),WHITE,NOT HISPANIC OR LATINO,No,No,TUMOR FREE,[Not Available],[Not Available],[Not Applicable],2009,71,Tumor resection,[Not Applicable],Lumpectomy,[Not Available],Negative,[Not Available],[Not Applicable],[Not Available],Sentinel node biopsy alone,[Not Available],NO,YES,6,1,[Not Available],6th,T1c,N1mi,M0,Stage IIA,[Not Available],[Not Available],Positive,[Not Available],[Not Available],[Not Available],[Not Available],[Not Available],Positive,[Not Available],[Not Available],[Not Available],[Not Available],[Not Available],Negative,[Not Available],[Not Available],[Not Available],[Not Available],[Not Available],[Not Available],[Not Available],[Not Available],[Not Available],[Not Available],[Not Available],[Not Available],[Not Available],[Not Available],[Not Available],[Not Available],[Not Available],[Not Available],[Not Available],[Not Available],[Not Available],[Not Available],[Not Available],[Not Available],[Not Available],[Not Available],[Not Available],[Not Available],[Not Available],[Not Available],[Not Available],[Not Available],[Not Available],[Not Available],Left,[Not Applicable],[Not Applicable],[Not Available],[Not Applicable],0,[Not Available],[Not Available],[Not Available],[Not Applicable],Infiltrating Ductal Carcinoma,C50.9,8500/3,C50.9,YES,NO,[Not Available],[Not Applicable],[Not Available],E2,Breast,0:LIVING,59.13,0:DiseaseFree,59.13,TCGA-E2-A1IK
f43d622f-eed5-4933-adc6-ae9ad1e33028,TCGA-E2-A1IN,TCGA-E2-A1IN,c2e4fe6d-db89-42df-9594-8ef7a6d11490/TCGA-E2-A1IN-01Z-00-DX1.F63F004F-847D-41B0-BAEF-3189D4965838.svs,TCGA-E2-A1IN-01Z-00-DX1.F63F004F-847D-41B0-BAEF-3189D4965838_mask.tiff,4/29/11,NO,YES,Female,Post (prior bilateral ovariectomy OR >12 mo since LMP with no prior hysterectomy),WHITE,NOT HISPANIC OR LATINO,No,No,TUMOR FREE,[Not Available],[Not Available],[Not Applicable],2010,60,Tumor resection,[Not Applicable],Lumpectomy,[Not Available],Negative,[Not Available],[Not Applicable],[Not Available],Sentinel node biopsy alone,[Not Available],NO,YES,2,0,[Not Available],7th,T1c,N0,M0,Stage I,[Not Available],[Not Available],Positive,[Not Available],[Not Available],[Not Available],allred score = 8,allred score 5+3=8,Positive,[Not Available],[Not Available],[Not Available],allred score = 8,allred score 5+3+8,Negative,[Not Available],1,[Not Available],[Not Available],[Not Available],[Not Available],[Not Available],[Not Available],[Not Available],[Not Available],[Not Available],[Not Available],[Not Available],[Not Available],[Not Available],[Not Available],[Not Available],[Not Available],[Not Available],[Not Available],[Not Available],[Not Available],[Not Available],[Not Available],[Not Available],[Not Available],[Not Available],[Not Available],[Not Available],[Not Available],[Not Available],[Not Available],[Not Available],[Not Available],Right,[Not Applicable],[Not Applicable],[Not Available],[Not Applicable],0,[Not Available],[Not Available],[Not Available],[Not Applicable],Infiltrating Ductal Carcinoma,C50.9,8500/3,C50.9,YES,NO,[Not Available],[Not Applicable],[Not Available],E2,Breast,0:LIVING,22.17,0:DiseaseFree,22.17,TCGA-E2-A1IN
791c5768-f0f5-4ab6-86eb-998e5c4b49e3,TCGA-E2-A1L7,TCGA-E2-A1L7,966c7061-a5e0-4340-8e51-2d5dd509c663/TCGA-E2-A1L7-01Z-00-DX1.BE796CD2-2E81-44E8-8CA2-85B4D2A31B64.svs,TCGA-E2-A1L7-01Z-00-DX1.BE796CD2-2E81-44E8-8CA2-85B4D2A31B64_mask.tiff,2011-01-06 00:00:00,NO,YES,Female,Pre (<6 months since LMP AND no prior bilateral ovariectomy AND not on estrogen replacement),WHITE,NOT HISPANIC OR LATINO,No,No,TUMOR FREE,[Not Available],[Not Available],[Not Applicable],2009,40,Tumor resection,[Not Applicable],Modified Radical Mastectomy,[Not Available],Negative,[Not Available],[Not Applicable],[Not Available],Axillary lymph node dissection alone,[Not Available],NO,YES,20,7,[Not Available],6th,T2,N2,M0,Stage IIIA,[Not Available],[Not Available],Negative,[Not Available],[Not Available],[Not Available],Allred score = 2,Allred score 1+1 = 2,Negative,[Not Available],[Not Available],[Not Available],Allred score = 0,Allred score 0+0 = 0,Negative,[Not Available],[Not Available],[Not Available],[Not Available],[Not Available],[Not Available],[Not Available],[Not Available],[Not Available],[Not Available],[Not Available],[Not Available],[Not Available],[Not Available],[Not Available],[Not Available],[Not Available],[Not Available],[Not Available],[Not Available],[Not Available],[Not Available],[Not Available],[Not Available],[Not Available],[Not Available],[Not Available],[Not Available],[Not Available],[Not Available],[Not Available],[Not Available],[Not Available],[Not Available],Right Upper Outer Quadrant,[Not Applicable],[Not Applicable],[Not Available],[Not Applicable],0,[Not Available],[Not Available],[Not Available],[Not Applicable],Infiltrating Ductal Carcinoma,C50.9,8500/3,C50.9,YES,NO,[Not Available],[Not Applicable],[Not Available],E2,Breast,0:LIVING,60.32,1:Recurred/Progressed,53.19,TCGA-E2-A1L7
5ea18514-51ad-4844-abea-15e82f0b10c9,TCGA-E2-A1L9,TCGA-E2-A1L9,0279f555-9738-41e0-b89f-ded25829adc0/TCGA-E2-A1L9-01Z-00-DX1.F2CC1036-8EEE-4664-962E-541B8ACB10DE.svs,TCGA-E2-A1L9-01Z-00-DX1.F2CC1036-8EEE-4664-962E-541B8ACB10DE_mask.tiff,2011-07-06 00:00:00,NO,YES,Female,Pre (<6 months since LMP AND no prior bilateral ovariectomy AND not on estrogen replacement),WHITE,NOT HISPANIC OR LATINO,No,No,TUMOR FREE,[Not Available],[Not Available],[Not Applicable],2009,40,Tumor resection,[Not Applicable],Lumpectomy,[Not Available],Negative,[Not Available],[Not Applicable],[Not Available],Sentinel node biopsy alone,[Not Available],NO,YES,2,1,[Not Available],6th,T1c,N1mi,M0,Stage IIA,[Not Available],[Not Available],Positive,80-89%,3 Point Scale,[Not Available],allred score = 7,[Not Available],Positive,80-89%,3 Point Scale,[Not Available],allred score = 7,[Not Available],Negative,[Not Available],[Not Available],[Not Available],[Not Available],[Not Available],[Not Available],[Not Available],[Not Available],[Not Available],[Not Available],[Not Available],[Not Available],[Not Available],[Not Available],[Not Available],[Not Available],[Not Available],[Not Available],[Not Available],[Not Available],[Not Available],[Not Available],[Not Available],[Not Available],[Not Available],[Not Available],[Not Available],[Not Available],[Not Available],[Not Available],[Not Available],[Not Available],[Not Available],[Not Available],Right,[Not Applicable],[Not Applicable],[Not Available],[Not Applicable],0,[Not Available],[Not Available],[Not Available],[Not Applicable],Infiltrating Ductal Carcinoma,C50.9,8500/3,C50.9,YES,NO,[Not Available],[Not Applicable],[Not Available],E2,Breast,0:LIVING,19.65,0:DiseaseFree,19.65,TCGA-E2-A1L9
ef4cbd38-bc79-4d60-a715-647edd2ebe9e,TCGA-E2-A1LG,TCGA-E2-A1LG,e7d1ac4e-b60c-4fd2-beef-2abd5e4571f6/TCGA-E2-A1LG-01Z-00-DX1.8ff0fdd8-e5d5-4ff8-8707-4a760aaa5d36.svs,TCGA-E2-A1LG-01Z-00-DX1.8ff0fdd8-e5d5-4ff8-8707-4a760aaa5d36_mask.tiff,2011-03-06 00:00:00,NO,YES,Female,Peri (6-12 months since last menstrual period),BLACK OR AFRICAN AMERICAN,NOT HISPANIC OR LATINO,Yes,No,TUMOR FREE,[Not Available],[Not Available],[Not Applicable],2010,50,Tumor resection,[Not Applicable],Modified Radical Mastectomy,[Not Available],Negative,[Not Available],[Not Applicable],[Not Available],Axillary lymph node dissection alone,[Not Available],NO,YES,19,0,[Not Available],7th,T2,N0,M0,Stage IIA,[Not Available],[Not Available],Negative,[Not Available],[Not Available],[Not Available],Allred score = 0,Allred score 0+0 = 0,Negative,[Not Available],[Not Available],[Not Available],Allred score = 0,Allred score 0+0 = 0,Equivocal,60-69%,2,[Not Available],[Not Available],Negative,[Not Available],[Not Available],[Not Available],1.1,[Not Available],[Not Available],[Not Available],[Not Available],[Not Available],[Not Available],[Not Available],[Not Available],[Not Available],[Not Available],[Not Available],[Not Available],[Not Available],[Not Available],[Not Available],[Not Available],[Not Available],[Not Available],[Not Available],[Not Available],[Not Available],[Not Available],[Not Available],[Not Available],[Not Available],Left Upper Outer Quadrant,[Not Applicable],[Not Applicable],[Not Available],[Not Applicable],0,[Not Available],[Not Available],[Not Available],[Not Applicable],Infiltrating Lobular Carcinoma,C50.9,8520/3,C50.9,YES,NO,[Not Available],[Not Applicable],[Not Available],E2,Breast,0:LIVING,50.03,0:DiseaseFree,50.03,TCGA-E2-A1LG
